layer,kind,depth_index,C,groups,is_depthwise,call_index,H,W,n_samples,total_variance,participation_ratio,participation_ratio_norm,effective_rank,effective_rank_norm,stable_rank,stable_rank_norm,powerlaw_alpha,powerlaw_fit_lo,powerlaw_fit_hi,powerlaw_r2,nonzero_eigs,k_star_0.9,k_star_0.95,k_star_0.99,k_star_0.999,k_star_ratio_0.9,k_star_ratio_0.95,k_star_ratio_0.99,k_star_ratio_0.999,model,weights,source,n_over_C,n_over_C_ok,pooled_n_samples,pooled_total_variance,pooled_participation_ratio,pooled_participation_ratio_norm,pooled_effective_rank,pooled_effective_rank_norm,pooled_stable_rank,pooled_stable_rank_norm,pooled_powerlaw_alpha,pooled_powerlaw_fit_lo,pooled_powerlaw_fit_hi,pooled_powerlaw_r2,pooled_nonzero_eigs,pooled_k_star_0.9,pooled_k_star_0.95,pooled_k_star_0.99,pooled_k_star_0.999,pooled_k_star_ratio_0.9,pooled_k_star_ratio_0.95,pooled_k_star_ratio_0.99,pooled_k_star_ratio_0.999,pooled_n_over_C,pooled_n_over_C_ok
conv1,conv,0,64,1,False,0,112,112,800000,176.02326448242943,4.694514443092647,0.07335178817332261,7.132075101531051,0.11143867346142267,2.6550431451185834,0.041485049142477866,7.408295722216289,10,64,0.5215882249161758,63,6,10,19,31,0.09375,0.15625,0.296875,0.484375,resnet50,ResNet50_Weights.IMAGENET1K_V1,imagenet_val[50000],12500.0,True,50000,42.609342415872774,2.701306673138442,0.04220791676778816,2.8384781284151916,0.04435122075648737,2.1704326583689078,0.033913010287014184,8.294753150228734,10,64,0.9826540232763145,53,3,3,3,3,0.046875,0.046875,0.046875,0.046875,781.25,True
relu,act,1,64,1,False,0,112,112,800000,2.7750049955484886,8.766346297894835,0.1369741609046068,17.0762547615366,0.26681648064900937,3.6395485161406365,0.056867945564697445,2.7094031648956975,10,64,0.8486793243617698,63,21,29,45,57,0.328125,0.453125,0.703125,0.890625,resnet50,ResNet50_Weights.IMAGENET1K_V1,imagenet_val[50000],12500.0,True,50000,0.49347210673811015,3.2427330124776694,0.050667703319963585,4.112829822205129,0.06426296597195515,2.426272086670739,0.0379105013542303,5.233158917681338,10,64,0.3746206569632121,63,3,5,11,27,0.046875,0.078125,0.171875,0.421875,781.25,True
layer1.0.conv1,conv,2,64,1,False,0,56,56,800000,3.7910929281008627,4.446269324447174,0.0694729581944871,7.254665477282537,0.11335414808253964,2.49012722191594,0.03890823784243656,11.350667368000813,10,64,0.3921616364072198,59,8,11,18,32,0.125,0.171875,0.28125,0.5,resnet50,ResNet50_Weights.IMAGENET1K_V1,imagenet_val[50000],12500.0,True,50000,0.7245459135132325,2.4726903430794267,0.03863578661061604,3.550143917635195,0.055470998713049925,1.767018603359559,0.02760966567749311,11.440939468352425,10,64,0.45435131842639065,59,4,5,10,16,0.0625,0.078125,0.15625,0.25,781.25,True
layer1.0.relu,act,3,64,1,False,0,56,56,800000,0.5993755186608659,5.433274247989847,0.08489491012484136,11.825349945551162,0.1847710928992369,2.8249529244841716,0.04413988944506518,7.248334785466848,10,64,0.17979520780102387,59,18,27,45,56,0.28125,0.421875,0.703125,0.875,resnet50,ResNet50_Weights.IMAGENET1K_V1,imagenet_val[50000],12500.0,True,50000,0.12201684339973548,2.901987937099301,0.04534356151717658,4.606715930782515,0.0719799364184768,2.0560741149884474,0.03212615804669449,7.856202668233257,10,64,0.23993303743256456,59,5,9,20,43,0.078125,0.140625,0.3125,0.671875,781.25,True
layer1.0.conv2,conv,4,64,1,False,0,56,56,800000,2.063580620088522,4.950099089680771,0.07734529827626205,9.277436423492977,0.14495994411707777,2.5016664295515247,0.039088537961742574,7.6130978688368485,10,64,0.31584195550082905,61,11,15,25,46,0.171875,0.234375,0.390625,0.71875,resnet50,ResNet50_Weights.IMAGENET1K_V1,imagenet_val[50000],12500.0,True,50000,0.4120892013848784,2.2850221792520418,0.03570347155081315,3.3755620641813144,0.05274315725283304,1.6392231463273128,0.025612861661364263,9.42200241421543,10,64,0.43275975373002407,61,4,5,10,19,0.0625,0.078125,0.15625,0.296875,781.25,True
layer1.0.relu,act,5,64,1,False,1,56,56,800000,0.9360083872112223,5.602511269573267,0.08753923858708229,12.92874952987678,0.2020117114043247,2.569824239828503,0.04015350374732036,2.7210788341346377,10,64,0.954173047043036,60,17,24,42,56,0.265625,0.375,0.65625,0.875,resnet50,ResNet50_Weights.IMAGENET1K_V1,imagenet_val[50000],12500.0,True,50000,0.18505926118442753,2.418567161827245,0.0377901119035507,4.0136947366290645,0.06271398025982913,1.672764761279189,0.026136949394987327,6.213570198162255,10,64,0.2396913533780688,60,5,8,18,40,0.078125,0.125,0.28125,0.625,781.25,True
layer1.0.conv3,conv,6,256,1,False,0,56,56,800000,1.5620306638056625,1.7737489848099792,0.006928706971913981,3.4281356117690116,0.013391154733472702,1.3397926161349072,0.005233564906776981,12.991420953980342,10,256,0.7929109004489068,141,6,10,18,29,0.0234375,0.0390625,0.0703125,0.11328125,resnet50,ResNet50_Weights.IMAGENET1K_V1,imagenet_val[50000],3125.0,True,50000,0.4033502124681507,1.3084678594588557,0.005111202576011155,1.7820125171140626,0.006960986394976807,1.1490462797372936,0.004488462030223803,11.952930523290505,10,256,0.7522713724783738,135,2,2,7,16,0.0078125,0.0078125,0.02734375,0.0625,195.3125,True
layer1.0.downsample.0,conv,7,256,1,False,0,56,56,800000,10.468556211690064,5.100324912288514,0.019923144188627007,8.065183164428285,0.03150462173604799,2.9985929417908452,0.01171325367887049,13.3083902254133,10,256,0.7524206797891076,143,8,11,23,40,0.03125,0.04296875,0.08984375,0.15625,resnet50,ResNet50_Weights.IMAGENET1K_V1,imagenet_val[50000],3125.0,True,50000,2.719973213248197,4.074288490179302,0.015915189414762897,5.058134929873059,0.019758339569816638,2.7821072290992155,0.01086760636366881,11.66148334019801,10,256,0.7520703637206119,144,4,5,10,20,0.015625,0.01953125,0.0390625,0.078125,195.3125,True
layer1.0.relu,act,8,256,1,False,2,56,56,800000,4.255975085365362,23.19146665254073,0.09059166661148722,42.30648034635526,0.16525968885295023,9.089542541759847,0.035506025553749404,5.575268635505352,10,256,0.1857763054590974,231,46,76,151,209,0.1796875,0.296875,0.58984375,0.81640625,resnet50,ResNet50_Weights.IMAGENET1K_V1,imagenet_val[50000],3125.0,True,50000,0.6963792704483227,8.310030410684819,0.032461056291737574,13.574027561585678,0.053023545162444057,4.419097365966306,0.017262099085805883,5.9465153615424144,10,256,0.26541118474215775,230,13,20,51,129,0.05078125,0.078125,0.19921875,0.50390625,195.3125,True
layer1.1.conv1,conv,9,64,1,False,0,56,56,800000,1.6630520463565346,7.054564245229921,0.11022756633171751,11.01768314844989,0.17215129919452954,3.5697489137493976,0.05577732677733434,8.564611042875367,10,64,0.31065153363340947,60,10,15,28,45,0.15625,0.234375,0.4375,0.703125,resnet50,ResNet50_Weights.IMAGENET1K_V1,imagenet_val[50000],12500.0,True,50000,0.20724737435310422,2.7612934332734804,0.04314520989489813,4.922641783011744,0.0769162778595585,1.7460175351221714,0.027281523986283928,9.073487742606314,10,64,0.3420561250455816,60,6,8,17,33,0.09375,0.125,0.265625,0.515625,781.25,True
layer1.1.relu,act,10,64,1,False,0,56,56,800000,0.5931134275365527,14.553513166071161,0.2273986432198619,24.431144668407835,0.38173663544387243,6.065042348246045,0.09476628669134446,5.157282990631021,10,64,0.140053801102216,60,27,37,52,59,0.421875,0.578125,0.8125,0.921875,resnet50,ResNet50_Weights.IMAGENET1K_V1,imagenet_val[50000],12500.0,True,50000,0.06237308386627301,6.631657694304335,0.10361965147350523,10.703388349273311,0.16724044295739549,3.632250164602638,0.05675390882191622,4.5482968397723935,10,64,0.17148268875758033,60,11,16,34,54,0.171875,0.25,0.53125,0.84375,781.25,True
layer1.1.conv2,conv,11,64,1,False,0,56,56,800000,0.8463639720867542,20.01632019357394,0.3127550030245928,27.969751474194624,0.437027366784291,10.198883079141513,0.15935754811158614,2.6573752917049487,10,64,0.9460222304624256,64,25,33,49,61,0.390625,0.515625,0.765625,0.953125,resnet50,ResNet50_Weights.IMAGENET1K_V1,imagenet_val[50000],12500.0,True,50000,0.08462703491228375,5.17216670348626,0.08081510474197282,7.687572769444102,0.12011832452256409,3.2162590537292974,0.05025404771452027,4.629921249600873,10,64,0.9701128949554735,64,7,10,18,34,0.109375,0.15625,0.28125,0.53125,781.25,True
layer1.1.relu,act,12,64,1,False,1,56,56,800000,0.8085802024006139,25.465773051228553,0.39790270392544613,35.897394813343325,0.5608967939584895,10.973932092668669,0.17146768894794795,1.7771646791761766,10,64,0.9651094334649792,64,34,44,58,64,0.53125,0.6875,0.90625,1.0,resnet50,ResNet50_Weights.IMAGENET1K_V1,imagenet_val[50000],12500.0,True,50000,0.07630372547909976,5.440181197111899,0.08500283120487342,9.033470915888339,0.1411479830607553,3.120969258806238,0.04876514466884747,2.6584136678992083,10,64,0.9868893794603771,64,9,14,32,56,0.140625,0.21875,0.5,0.875,781.25,True
layer1.1.conv3,conv,13,256,1,False,0,56,56,800000,0.3635395175107576,12.814857254238051,0.05005803614936739,20.284266142666585,0.07923541461979135,4.947225112430475,0.019325098095431543,12.665556597931586,10,256,0.814961159476175,150,19,24,39,56,0.07421875,0.09375,0.15234375,0.21875,resnet50,ResNet50_Weights.IMAGENET1K_V1,imagenet_val[50000],3125.0,True,50000,0.041378697450848795,3.0389830170338055,0.011871027410288303,5.139809032299118,0.02007737903241843,1.9138885656426472,0.007476127209541591,12.341974235720782,10,256,0.8446469434721935,132,6,8,18,38,0.0234375,0.03125,0.0703125,0.1484375,195.3125,True
layer1.1.relu,act,14,256,1,False,2,56,56,800000,5.249053891717558,35.41536592513298,0.1383412731450507,61.33629511775584,0.23959490280373374,15.087307855062042,0.0589347963088361,2.8538319603561018,10,256,0.18904348411092387,248,66,103,183,232,0.2578125,0.40234375,0.71484375,0.90625,resnet50,ResNet50_Weights.IMAGENET1K_V1,imagenet_val[50000],3125.0,True,50000,0.6780761083189457,9.694205154092282,0.03786798888317298,16.271076123724654,0.06355889110829943,5.117948062143602,0.019991984617748447,3.1972954670245453,10,256,0.3777341258831326,248,15,25,65,161,0.05859375,0.09765625,0.25390625,0.62890625,195.3125,True
layer1.2.conv1,conv,15,64,1,False,0,56,56,800000,1.324238316857826,10.400571178224654,0.16250892465976022,14.899054054316105,0.23279771959868914,5.538123209800364,0.08653317515313069,3.279038019984798,10,64,0.9769732871949568,64,13,19,34,54,0.203125,0.296875,0.53125,0.84375,resnet50,ResNet50_Weights.IMAGENET1K_V1,imagenet_val[50000],12500.0,True,50000,0.05580294617934983,4.934792843638049,0.07710613818184452,8.332129021542116,0.13018951596159556,2.6649680036800953,0.04164012505750149,3.488030673608916,10,64,0.9701645605786609,64,9,13,27,47,0.140625,0.203125,0.421875,0.734375,781.25,True
layer1.2.relu,act,16,64,1,False,0,56,56,800000,0.7009214406921631,18.199748502436183,0.28437107035056536,29.471427855443576,0.46049106024130587,8.353511170861102,0.13052361204470472,1.444735384963167,10,64,0.9614914287611513,64,34,44,58,64,0.53125,0.6875,0.90625,1.0,resnet50,ResNet50_Weights.IMAGENET1K_V1,imagenet_val[50000],12500.0,True,50000,0.021379666332508918,8.670174951534825,0.13547148361773165,13.580904880661704,0.21220163876033912,5.107195546379559,0.07979993041218061,2.278794603072985,10,64,0.9915380595959389,64,13,21,44,60,0.203125,0.328125,0.6875,0.9375,781.25,True
layer1.2.conv2,conv,17,64,1,False,0,56,56,800000,1.2683177345750571,21.42387390416943,0.33474802975264734,28.745079363705827,0.44914186505790354,11.563192593366853,0.18067488427135708,2.522971957054276,10,64,0.9799974102187954,64,25,33,51,62,0.390625,0.515625,0.796875,0.96875,resnet50,ResNet50_Weights.IMAGENET1K_V1,imagenet_val[50000],12500.0,True,50000,0.01320459608478795,4.4439278294284765,0.06943637233481995,7.090909650476136,0.11079546328868962,2.53161709318248,0.03955651708097625,3.5710132382326885,10,64,0.9384070892913623,64,7,10,24,44,0.109375,0.15625,0.375,0.6875,781.25,True
layer1.2.relu,act,18,64,1,False,1,56,56,800000,0.9344530370323232,34.453875906724654,0.5383418110425727,44.92835043106,0.7020054754853124,15.657211780276196,0.24464393406681556,1.2111778633362211,10,64,0.9935637847371799,64,44,53,62,64,0.6875,0.828125,0.96875,1.0,resnet50,ResNet50_Weights.IMAGENET1K_V1,imagenet_val[50000],12500.0,True,50000,0.0139742919090287,4.182195767978083,0.06534680887465755,8.92692806919975,0.1394832510812461,2.202688685067006,0.03441701070417197,2.3050667429148435,10,64,0.9828316633343749,64,11,19,40,59,0.171875,0.296875,0.625,0.921875,781.25,True
layer1.2.conv3,conv,19,256,1,False,0,56,56,800000,0.282352708540406,17.433426821137527,0.06809932352006846,26.42356499928649,0.10321705077846285,7.403680774827953,0.028920628026671693,12.507799763871462,10,256,0.8134770120996875,154,25,32,47,60,0.09765625,0.125,0.18359375,0.234375,resnet50,ResNet50_Weights.IMAGENET1K_V1,imagenet_val[50000],3125.0,True,50000,0.00800940627842572,2.8977103095648005,0.011319180896737502,5.545894319736963,0.02166364968647251,1.777133940747457,0.0069419294560447535,12.140357540675035,10,256,0.877936691907466,130,6,11,22,39,0.0234375,0.04296875,0.0859375,0.15234375,195.3125,True
layer1.2.relu,act,20,256,1,False,2,56,56,800000,6.252961191345113,49.96573258488044,0.19517864290968923,84.22766037994724,0.3290142983591689,19.117320672115454,0.074677033875451,1.8572275502620206,10,256,0.9127586616277993,256,90,131,200,241,0.3515625,0.51171875,0.78125,0.94140625,resnet50,ResNet50_Weights.IMAGENET1K_V1,imagenet_val[50000],3125.0,True,50000,0.6726935958862172,10.301649160628958,0.04024081703370687,17.759274238991043,0.06937216499605876,5.440278978066253,0.0212510897580713,2.559182583149819,10,256,0.9915551433157708,256,17,29,77,183,0.06640625,0.11328125,0.30078125,0.71484375,195.3125,True
layer2.0.conv1,conv,21,128,1,False,0,56,56,800000,3.455523626658119,15.519916558192365,0.12124934811087786,25.07355059768964,0.1958871140444503,6.250092099701305,0.04882884452891645,3.5474051258151666,10,128,0.9492417153316774,128,24,32,56,93,0.1875,0.25,0.4375,0.7265625,resnet50,ResNet50_Weights.IMAGENET1K_V1,imagenet_val[50000],6250.0,True,50000,0.1454751270097122,7.235059014341349,0.05652389854954179,12.415464892792873,0.09699581947494432,3.4260943073662538,0.026766361776298857,3.8730107023690263,10,128,0.9511351995274934,128,12,19,38,71,0.09375,0.1484375,0.296875,0.5546875,390.625,True
layer2.0.relu,act,22,128,1,False,0,56,56,800000,1.534571654110361,35.18021982861413,0.2748454674110479,59.05571804623323,0.4613727972361971,13.166960207811968,0.102866876623531,1.4364094796950406,10,128,0.9742183278767464,128,66,88,116,126,0.515625,0.6875,0.90625,0.984375,resnet50,ResNet50_Weights.IMAGENET1K_V1,imagenet_val[50000],6250.0,True,50000,0.052583536547235854,8.11316319709677,0.06338408747731851,15.931318873401082,0.12446342869844595,3.748655374707813,0.02928637011490479,2.30486871192535,10,128,0.9870202418984707,128,19,31,71,115,0.1484375,0.2421875,0.5546875,0.8984375,390.625,True
layer2.0.conv2,conv,23,128,1,False,0,28,28,800000,4.210818615234999,30.16179103707787,0.23563899247717085,46.9444065419076,0.3667531761086531,11.729330462586542,0.09163539423895736,2.312454923077561,10,128,0.9363808362933586,128,44,59,94,122,0.34375,0.4609375,0.734375,0.953125,resnet50,ResNet50_Weights.IMAGENET1K_V1,imagenet_val[50000],6250.0,True,50000,0.2292418096592566,6.420787423622812,0.05016240174705322,10.706833293029426,0.08364713510179239,3.1847873052007736,0.024881150821881044,3.3576838386000287,10,128,0.9815508822763256,128,10,15,33,74,0.078125,0.1171875,0.2578125,0.578125,390.625,True
layer2.0.relu,act,24,128,1,False,1,28,28,800000,2.1446256399114265,51.27463675539606,0.4005830996515317,75.31337068918211,0.5883857085092352,17.726113247628614,0.13848525974709855,1.302357848196724,10,128,0.9638656343054018,128,76,95,119,127,0.59375,0.7421875,0.9296875,0.9921875,resnet50,ResNet50_Weights.IMAGENET1K_V1,imagenet_val[50000],6250.0,True,50000,0.09985589855314891,7.932198241077955,0.06197029875842152,15.014758235299551,0.11730279871327774,4.043899933588801,0.031592968231162505,2.304154916699801,10,128,0.9982433729328237,128,17,26,66,115,0.1328125,0.203125,0.515625,0.8984375,390.625,True
layer2.0.conv3,conv,25,512,1,False,0,28,28,800000,1.3121259730458628,26.655217547873175,0.052060971773189794,42.35011697197372,0.08271507221088617,8.54237898442566,0.016684333953956368,12.982456617846088,10,512,0.7088332526567565,268,39,52,82,115,0.076171875,0.1015625,0.16015625,0.224609375,resnet50,ResNet50_Weights.IMAGENET1K_V1,imagenet_val[50000],1562.5,True,50000,0.10150324657717963,6.0908978693155795,0.011896284901006991,10.601519867895616,0.020706093491983626,3.274420399733658,0.0063953523432298005,11.464371082623202,10,512,0.7294462904018211,281,12,17,32,69,0.0234375,0.033203125,0.0625,0.134765625,97.65625,True
layer2.0.downsample.0,conv,26,512,1,False,0,28,28,800000,6.586073055234036,12.345730321253818,0.024112754533698863,21.701347888376617,0.04238544509448558,5.4092476572733315,0.010564936830611975,9.518907276812527,10,512,0.5607821726405813,338,22,33,65,128,0.04296875,0.064453125,0.126953125,0.25,resnet50,ResNet50_Weights.IMAGENET1K_V1,imagenet_val[50000],1562.5,True,50000,1.807974571614355,4.937856910127139,0.009644251777592068,7.609875964011232,0.014863038992209438,2.873813776612444,0.005612917532446179,9.107634651998932,10,512,0.5897421098125369,347,7,10,21,49,0.013671875,0.01953125,0.041015625,0.095703125,97.65625,True
layer2.0.relu,act,27,512,1,False,2,28,28,800000,11.784390770872546,34.37381374120476,0.06713635496329055,77.8256055853194,0.15200313590882694,10.811932938708075,0.02111705652091421,4.9837530209557,10,512,0.16496253594664578,451,102,173,320,414,0.19921875,0.337890625,0.625,0.80859375,resnet50,ResNet50_Weights.IMAGENET1K_V1,imagenet_val[50000],1562.5,True,50000,2.174264984607355,8.085621105115086,0.015792228720927903,15.308598593434628,0.029899606627802007,3.815301674548872,0.007451761083103266,5.648043663989766,10,512,0.2083155673133954,450,16,28,81,249,0.03125,0.0546875,0.158203125,0.486328125,97.65625,True
layer2.1.conv1,conv,28,128,1,False,0,28,28,800000,5.778572069395242,4.606611297504546,0.03598915076175427,7.909639257175172,0.06179405669668103,2.6739423731218217,0.020890174790014232,3.744674308591473,10,128,0.9525394046854173,128,9,13,28,63,0.0703125,0.1015625,0.21875,0.4921875,resnet50,ResNet50_Weights.IMAGENET1K_V1,imagenet_val[50000],6250.0,True,50000,2.44564001890926,3.1723358282321725,0.024783873658063848,4.6312563641442255,0.03618169034487676,2.125930044417748,0.016608828472013656,4.603829424436689,10,128,0.9673046036552422,128,5,6,11,27,0.0390625,0.046875,0.0859375,0.2109375,390.625,True
layer2.1.relu,act,29,128,1,False,0,28,28,800000,0.8511914728655654,10.086604101438807,0.07880159454249068,19.329340831004966,0.1510104752422263,5.051328307947385,0.03946350240583894,2.6169805922593325,10,128,0.8207080665591344,128,24,40,77,107,0.1875,0.3125,0.6015625,0.8359375,resnet50,ResNet50_Weights.IMAGENET1K_V1,imagenet_val[50000],6250.0,True,50000,0.3004129851070631,5.414132681085439,0.04229791157097999,8.610507372182205,0.06726958884517348,3.2991644013966424,0.02577472188591127,3.0154581317282854,10,128,0.8996523260355204,128,8,13,36,83,0.0625,0.1015625,0.28125,0.6484375,390.625,True
layer2.1.conv2,conv,30,128,1,False,0,28,28,800000,2.8617195662610917,17.445016744785622,0.13628919331863767,23.853437713275472,0.18635498213496463,9.591290450664248,0.07493195664581444,3.751146425067951,10,128,0.9769424085764083,128,21,26,45,85,0.1640625,0.203125,0.3515625,0.6640625,resnet50,ResNet50_Weights.IMAGENET1K_V1,imagenet_val[50000],6250.0,True,50000,0.4346607176365417,4.578126302899091,0.03576661174139915,7.1485375123864126,0.05584794931551885,2.822406096070502,0.0220500476255508,4.739404691216068,10,128,0.9550066537664597,128,7,10,21,45,0.0546875,0.078125,0.1640625,0.3515625,390.625,True
layer2.1.relu,act,31,128,1,False,1,28,28,800000,1.1686143806618814,32.94230848973075,0.2573617850760215,49.366725574984315,0.38567754355456496,16.152845493621108,0.1261941054189149,1.9642157177223614,10,128,0.9718306144199189,128,47,68,105,124,0.3671875,0.53125,0.8203125,0.96875,resnet50,ResNet50_Weights.IMAGENET1K_V1,imagenet_val[50000],6250.0,True,50000,0.12906928425601663,9.219540962380947,0.07202766376860115,18.08130117959165,0.14126016546555978,4.294935362966182,0.0335541825231733,2.4010005238050436,10,128,0.9635077825537087,128,21,36,72,113,0.1640625,0.28125,0.5625,0.8828125,390.625,True
layer2.1.conv3,conv,32,512,1,False,0,28,28,800000,0.8743796629817132,17.650134557986032,0.03447291905856647,23.064647235425234,0.04504813913168991,9.839057126805693,0.01921690845079237,10.038543351219356,10,512,0.8511882065953844,294,18,24,42,77,0.03515625,0.046875,0.08203125,0.150390625,resnet50,ResNet50_Weights.IMAGENET1K_V1,imagenet_val[50000],1562.5,True,50000,0.10934137843368603,3.802314329684458,0.007426395175164957,6.8238600599368295,0.01332785167956412,2.242547567988934,0.004379975718728387,10.019299970719333,10,512,0.874851686212849,265,8,14,30,56,0.015625,0.02734375,0.05859375,0.109375,97.65625,True
layer2.1.relu,act,33,512,1,False,2,28,28,800000,12.174174066554267,62.25341758406626,0.12158870621887942,129.0731042457658,0.2520959067300113,16.560520204667704,0.03234476602474161,2.0625477785433066,10,512,0.2096346387914505,506,157,248,410,488,0.306640625,0.484375,0.80078125,0.953125,resnet50,ResNet50_Weights.IMAGENET1K_V1,imagenet_val[50000],1562.5,True,50000,1.2180366259841005,14.49213065163315,0.028304942678970997,29.913265435545892,0.05842434655380057,5.56528508711726,0.010869697435775899,2.7803697110596204,10,512,0.381000652012351,506,34,60,164,372,0.06640625,0.1171875,0.3203125,0.7265625,97.65625,True
layer2.2.conv1,conv,34,128,1,False,0,28,28,800000,3.8822063279793118,18.630025925446986,0.14554707754255458,30.445451304132746,0.23785508831353708,7.764514011697332,0.06066026571638541,3.065114055552373,10,128,0.9568024012881804,128,29,39,68,107,0.2265625,0.3046875,0.53125,0.8359375,resnet50,ResNet50_Weights.IMAGENET1K_V1,imagenet_val[50000],6250.0,True,50000,0.4527200105912166,5.1571130643752845,0.04028994581543191,9.952175026355347,0.07775136739340115,2.671607806999666,0.02087193599218489,3.451333961868023,10,128,0.9587957569919968,128,12,19,40,78,0.09375,0.1484375,0.3125,0.609375,390.625,True
layer2.2.relu,act,35,128,1,False,0,28,28,800000,1.3651426065010996,32.423875120089505,0.25331152437569926,56.03636625400454,0.4377841113594105,12.301223691082647,0.09610331008658318,1.4893259687542129,10,128,0.9502007569140783,128,63,85,114,125,0.4921875,0.6640625,0.890625,0.9765625,resnet50,ResNet50_Weights.IMAGENET1K_V1,imagenet_val[50000],6250.0,True,50000,0.12869176437991686,7.101370249774131,0.0554794550763604,15.014174177879944,0.11729823576468706,3.3360493225982744,0.02606288533279902,2.1604319487393795,10,128,0.9814408412436461,128,19,34,76,117,0.1484375,0.265625,0.59375,0.9140625,390.625,True
layer2.2.conv2,conv,36,128,1,False,0,28,28,800000,2.8977239615976913,32.56752095064693,0.25443375742692914,48.39978751604344,0.37812333996908937,12.46820479091499,0.09740784992902336,2.3228342963036517,10,128,0.9453489862291937,128,44,60,94,122,0.34375,0.46875,0.734375,0.953125,resnet50,ResNet50_Weights.IMAGENET1K_V1,imagenet_val[50000],6250.0,True,50000,0.2018095183239818,7.758663409694731,0.060614557888240085,12.778183337741675,0.09982955732610684,4.232852213073268,0.033069157914634904,3.638302221185706,10,128,0.9606663871528023,128,13,19,39,76,0.1015625,0.1484375,0.3046875,0.59375,390.625,True
layer2.2.relu,act,37,128,1,False,1,28,28,800000,1.312936530155508,57.12033604326697,0.4462526253380232,80.28523204876781,0.6272283753809985,22.943190272748406,0.17924367400584693,1.2301955866256504,10,128,0.977662262481258,128,80,99,121,128,0.625,0.7734375,0.9453125,1.0,resnet50,ResNet50_Weights.IMAGENET1K_V1,imagenet_val[50000],6250.0,True,50000,0.07899686090062631,10.458546991863782,0.0817073983739358,20.06328814162691,0.15674443860646023,4.748734214628246,0.03709948605178317,2.055580344477158,10,128,0.9898188857200301,128,23,39,84,120,0.1796875,0.3046875,0.65625,0.9375,390.625,True
layer2.2.conv3,conv,38,512,1,False,0,28,28,800000,0.7608136191693033,31.22617311585145,0.06098861936689736,44.122857163759775,0.08617745539796831,15.95244687162559,0.03115712279614373,10.431779249423897,10,512,0.7861898345890778,296,39,52,86,118,0.076171875,0.1015625,0.16796875,0.23046875,resnet50,ResNet50_Weights.IMAGENET1K_V1,imagenet_val[50000],1562.5,True,50000,0.04872166210950069,8.343649976746336,0.016296191360832688,14.491498950747276,0.028303708888178274,4.064059998107785,0.007937617183804268,9.372435522513687,10,512,0.8333991818977939,314,15,23,49,91,0.029296875,0.044921875,0.095703125,0.177734375,97.65625,True
layer2.2.relu,act,39,512,1,False,2,28,28,800000,13.176303944548435,88.7410113959036,0.17332228788262422,172.89170932108928,0.3376791197677525,23.510836154052548,0.04591960186338388,1.3726567115596633,10,512,0.9813715352603674,512,216,313,452,503,0.421875,0.611328125,0.8828125,0.982421875,resnet50,ResNet50_Weights.IMAGENET1K_V1,imagenet_val[50000],1562.5,True,50000,0.978408291817592,16.7558993992875,0.0327263660142334,37.39551377815109,0.07303811284795135,6.473085869384492,0.012642745838641585,2.1605680699615037,10,512,0.9824968795817475,512,47,84,225,429,0.091796875,0.1640625,0.439453125,0.837890625,97.65625,True
layer2.3.conv1,conv,40,128,1,False,0,28,28,800000,3.262752305748214,23.627108661239443,0.18458678641593315,36.35120871322309,0.28399381807205537,11.086240051925124,0.08661125040566503,2.5793712902650068,10,128,0.9614006688505752,128,34,47,82,117,0.265625,0.3671875,0.640625,0.9140625,resnet50,ResNet50_Weights.IMAGENET1K_V1,imagenet_val[50000],6250.0,True,50000,0.1562168080059042,9.502428068770921,0.07423771928727282,17.05481443202752,0.133240737750215,4.57182797282988,0.035717406037733435,2.834007125443617,10,128,0.9653431086567914,128,18,28,60,102,0.140625,0.21875,0.46875,0.796875,390.625,True
layer2.3.relu,act,41,128,1,False,0,28,28,800000,1.1719024515436995,43.1938140194631,0.33745167202705545,68.76466126187421,0.5372239161083923,16.14403629111487,0.1261252835243349,1.2377361672599088,10,128,0.9925275083626158,128,75,96,120,128,0.5859375,0.75,0.9375,1.0,resnet50,ResNet50_Weights.IMAGENET1K_V1,imagenet_val[50000],6250.0,True,50000,0.042658353183341075,11.615407961701306,0.09074537470079146,22.641371710894347,0.1768857164913621,5.412638435683971,0.04228623777878102,1.884461330474711,10,128,0.9935056990996215,128,27,46,93,123,0.2109375,0.359375,0.7265625,0.9609375,390.625,True
layer2.3.conv2,conv,42,128,1,False,0,28,28,800000,2.0344857044212583,39.513497889332804,0.30869920226041253,58.528459269817645,0.45725358804545035,13.317203257649767,0.10404065045038881,1.9481226508869545,10,128,0.9504580757140703,128,54,72,107,125,0.421875,0.5625,0.8359375,0.9765625,resnet50,ResNet50_Weights.IMAGENET1K_V1,imagenet_val[50000],6250.0,True,50000,0.05586121709545085,6.845955303015079,0.0534840258048053,11.85911758712274,0.0926493561493964,3.786406036129527,0.02958129715726193,3.087809523925407,10,128,0.9548088656548225,128,12,21,45,88,0.09375,0.1640625,0.3515625,0.6875,390.625,True
layer2.3.relu,act,43,128,1,False,1,28,28,800000,1.2936240930168856,65.70623316685321,0.5133299466160407,91.11636136585112,0.7118465731707119,20.296867377438268,0.15856927638623647,0.9490161470625361,10,128,0.9817894169993181,128,91,107,123,128,0.7109375,0.8359375,0.9609375,1.0,resnet50,ResNet50_Weights.IMAGENET1K_V1,imagenet_val[50000],6250.0,True,50000,0.026929159869151776,11.032145172448496,0.08618863415975388,22.446586484562946,0.17536395691064802,5.020378736963412,0.03922170888252666,1.8040828135756883,10,128,0.9879342047543408,128,29,49,96,123,0.2265625,0.3828125,0.75,0.9609375,390.625,True
layer2.3.conv3,conv,44,512,1,False,0,28,28,800000,0.5143775717997042,28.871526762337695,0.05638970070769081,50.73827089933176,0.09909818535025734,8.404826892792975,0.01641567752498628,10.645904994345834,10,512,0.766058777953415,293,52,68,100,123,0.1015625,0.1328125,0.1953125,0.240234375,resnet50,ResNet50_Weights.IMAGENET1K_V1,imagenet_val[50000],1562.5,True,50000,0.01504049090374814,5.952644437510349,0.0116262586670124,13.021863330966172,0.025433326818293304,2.772458320768611,0.0054149576577511935,9.591646094071148,10,512,0.8266136601320413,312,17,28,56,98,0.033203125,0.0546875,0.109375,0.19140625,97.65625,True
layer2.3.relu,act,45,512,1,False,2,28,28,800000,13.114824998957504,113.3135555022213,0.221315538090276,213.53142032039543,0.4170535553132723,27.27459130876466,0.053270686149930975,1.2310119885780089,10,512,0.9779979522587213,512,261,352,465,506,0.509765625,0.6875,0.908203125,0.98828125,resnet50,ResNet50_Weights.IMAGENET1K_V1,imagenet_val[50000],1562.5,True,50000,0.8486833516469754,19.23676977308384,0.037571815963054374,43.430173848679885,0.0848245582982029,7.264203435468923,0.014187897334900241,2.020404611321303,10,512,0.9884622362175972,512,57,101,261,456,0.111328125,0.197265625,0.509765625,0.890625,97.65625,True
layer3.0.conv1,conv,46,256,1,False,0,28,28,800000,8.225434945171594,33.07908719811901,0.1292151843676524,56.704730800577,0.22150285468975392,10.59229581601073,0.04137615553129191,2.5458839896320336,10,256,0.9411101536038021,256,55,80,145,220,0.21484375,0.3125,0.56640625,0.859375,resnet50,ResNet50_Weights.IMAGENET1K_V1,imagenet_val[50000],3125.0,True,50000,0.43918356839831274,14.852795363646047,0.05801873188924237,27.544928837191392,0.10759737827027888,6.354874256652155,0.02482372756504748,3.097109361626714,10,256,0.9469252441485289,256,29,46,94,170,0.11328125,0.1796875,0.3671875,0.6640625,195.3125,True
layer3.0.relu,act,47,256,1,False,0,28,28,800000,3.246993891003143,66.4188091561285,0.25944847326612697,122.28227134983335,0.47766512246028653,17.15524508678872,0.06701267612026844,1.1575288360600737,10,256,0.9928297295158648,256,147,191,240,255,0.57421875,0.74609375,0.9375,0.99609375,resnet50,ResNet50_Weights.IMAGENET1K_V1,imagenet_val[50000],3125.0,True,50000,0.11739507176266742,16.6241759106506,0.0649381871509789,38.980636016462014,0.15226810943930474,6.255184433795986,0.02443431419451557,1.83223073889191,10,256,0.9908297267760933,256,52,88,182,245,0.203125,0.34375,0.7109375,0.95703125,195.3125,True
layer3.0.conv2,conv,48,256,1,False,0,14,14,800000,8.84816487615509,47.02422820738972,0.1836883914351161,79.96366999506411,0.3123580859182192,15.814215049648656,0.06177427753769006,2.0148382020785287,10,256,0.9440753931901082,256,80,112,188,244,0.3125,0.4375,0.734375,0.953125,resnet50,ResNet50_Weights.IMAGENET1K_V1,imagenet_val[50000],3125.0,True,50000,1.0345785414163942,15.62879124505599,0.06104996580099996,28.418966723087856,0.11101158876206194,6.3347455070948655,0.02474509963708932,3.197780955887402,10,256,0.9731242326669811,256,29,41,82,163,0.11328125,0.16015625,0.3203125,0.63671875,195.3125,True
layer3.0.relu,act,49,256,1,False,1,14,14,800000,3.624629792104688,87.76409194066345,0.3428284841432166,137.97886984309633,0.538979960324595,21.733103603112845,0.08489493594965955,1.2553301656726108,10,256,0.9665255423486542,256,142,185,237,254,0.5546875,0.72265625,0.92578125,0.9921875,resnet50,ResNet50_Weights.IMAGENET1K_V1,imagenet_val[50000],3125.0,True,50000,0.3314533881623238,22.653141075599883,0.08848883232656204,46.37426229401477,0.1811494620859952,8.265609708198195,0.0322875379226492,2.0632959293597124,10,256,0.9899851204008565,256,49,79,170,242,0.19140625,0.30859375,0.6640625,0.9453125,195.3125,True
layer3.0.conv3,conv,50,1024,1,False,0,14,14,800000,3.6790758919164017,48.73783597133216,0.04759554294075406,75.23487467828824,0.07347155730301586,16.327455569442876,0.015944780829534058,9.540228478015012,10,1024,0.7381071111775742,570,68,91,156,228,0.06640625,0.0888671875,0.15234375,0.22265625,resnet50,ResNet50_Weights.IMAGENET1K_V1,imagenet_val[50000],781.25,True,50000,0.4665566241969782,16.65368233524658,0.016263361655514237,31.31230938799755,0.03057842713671636,6.169012380453541,0.006024426152786661,9.027838056619707,10,1024,0.7860877226909264,604,33,45,82,162,0.0322265625,0.0439453125,0.080078125,0.158203125,48.828125,False
layer3.0.downsample.0,conv,51,1024,1,False,0,14,14,800000,9.175889375272032,29.718755620670056,0.0290222222858106,61.561622053527316,0.06011877153664777,9.00926338092187,0.008798108770431514,7.225167951202629,10,1024,0.5504720348347414,713,69,105,215,386,0.0673828125,0.1025390625,0.2099609375,0.376953125,resnet50,ResNet50_Weights.IMAGENET1K_V1,imagenet_val[50000],781.25,True,50000,1.5444453813740897,9.775084928402782,0.009545981375393342,17.40565515414013,0.016997710111464972,4.428024659616515,0.004324242831656753,6.925978590840359,10,1024,0.6516053054123139,736,17,28,79,199,0.0166015625,0.02734375,0.0771484375,0.1943359375,48.828125,False
layer3.0.relu,act,52,1024,1,False,2,14,14,800000,18.311005150607908,80.20274225858826,0.0783229904869026,200.17640083094992,0.19548476643647453,17.702734375018593,0.017287826538104095,2.3559957671230225,10,1024,0.1533136504773669,984,302,490,791,943,0.294921875,0.478515625,0.7724609375,0.9208984375,resnet50,ResNet50_Weights.IMAGENET1K_V1,imagenet_val[50000],781.25,True,50000,2.387134869545589,20.074618693238154,0.019604119817615385,50.41280272127069,0.049231252657490905,6.916423304306266,0.006754319633111588,2.9305838169300578,10,1024,0.23784796446074252,984,64,122,381,779,0.0625,0.119140625,0.3720703125,0.7607421875,48.828125,False
layer3.1.conv1,conv,53,256,1,False,0,14,14,800000,5.963542133252483,31.356349660571915,0.12248574086160904,51.99161090990378,0.20309223011681163,11.662116798926952,0.04555514374580841,2.9214350592581657,10,256,0.9430046340927827,256,49,67,119,201,0.19140625,0.26171875,0.46484375,0.78515625,resnet50,ResNet50_Weights.IMAGENET1K_V1,imagenet_val[50000],3125.0,True,50000,1.182366166075903,11.529302044721813,0.04503633611219458,21.646301247238927,0.08455586424702706,4.6893828282011905,0.0183179016726609,3.4253622507803323,10,256,0.960175932696972,256,23,34,71,140,0.08984375,0.1328125,0.27734375,0.546875,195.3125,True
layer3.1.relu,act,54,256,1,False,0,14,14,800000,2.379651012424523,58.48777208513802,0.2284678597075704,104.234712181005,0.40716684445705076,16.99123825151809,0.06637202441999254,1.4087024784771356,10,256,0.9809162954126551,256,120,167,229,253,0.46875,0.65234375,0.89453125,0.98828125,resnet50,ResNet50_Weights.IMAGENET1K_V1,imagenet_val[50000],3125.0,True,50000,0.3622668758987348,17.561359051583565,0.0685990587952483,36.178410130134246,0.1413219145708369,6.748280222683485,0.026360469619857364,1.939614968887447,10,256,0.9912458783452592,256,43,76,168,240,0.16796875,0.296875,0.65625,0.9375,195.3125,True
layer3.1.conv2,conv,55,256,1,False,0,14,14,800000,6.137836985800178,49.18955579166287,0.19214670231118308,79.33730390472695,0.30991134337783965,14.973136512519996,0.058488814502031236,2.2073556501448044,10,256,0.942070814388234,256,72,101,176,240,0.28125,0.39453125,0.6875,0.9375,resnet50,ResNet50_Weights.IMAGENET1K_V1,imagenet_val[50000],3125.0,True,50000,0.990043683763083,12.891286527455936,0.05035658799787475,25.52218074164498,0.0996960185220507,4.664652651142974,0.01822129941852724,3.3214888686294453,10,256,0.9558497853093556,256,27,39,81,155,0.10546875,0.15234375,0.31640625,0.60546875,195.3125,True
layer3.1.relu,act,56,256,1,False,1,14,14,800000,2.2245152181784382,88.2387909180043,0.3446827770234543,147.83131714620842,0.5774660826023766,18.5778721666725,0.07256981315106445,1.0625321105932342,10,256,0.9758862531942184,256,162,200,242,255,0.6328125,0.78125,0.9453125,0.99609375,resnet50,ResNet50_Weights.IMAGENET1K_V1,imagenet_val[50000],3125.0,True,50000,0.28526933970995555,26.246217812876864,0.10252428833155025,54.67193693680874,0.21356225365940915,8.61512638055629,0.03365283742404801,1.8316614130094016,10,256,0.9682433297645037,256,67,108,191,243,0.26171875,0.421875,0.74609375,0.94921875,195.3125,True
layer3.1.conv3,conv,57,1024,1,False,0,14,14,800000,1.5467263925018357,36.82864696071503,0.03596547554757327,72.38734248233312,0.07069076414290344,9.125361663482602,0.008911485999494729,9.008824303630112,10,1024,0.7484540399411095,590,76,109,183,239,0.07421875,0.1064453125,0.1787109375,0.2333984375,resnet50,ResNet50_Weights.IMAGENET1K_V1,imagenet_val[50000],781.25,True,50000,0.22173916030079505,16.95976757657209,0.016562273023996182,33.24809595795621,0.03246884370894161,6.482771206120041,0.006330831255976602,8.660402964560154,10,1024,0.7951763583336962,623,36,58,120,200,0.03515625,0.056640625,0.1171875,0.1953125,48.828125,False
layer3.1.relu,act,58,1024,1,False,2,14,14,800000,17.969871002521614,128.48400927798642,0.1254726653105336,297.44703351549686,0.2904756186674774,26.129132015246206,0.025516730483638873,1.3539021956416684,10,1024,0.563125619791641,1019,431,621,876,990,0.4208984375,0.6064453125,0.85546875,0.966796875,resnet50,ResNet50_Weights.IMAGENET1K_V1,imagenet_val[50000],781.25,True,50000,1.9409371882939752,29.085087325699998,0.028403405591503905,78.87682730746624,0.0770281516674475,9.020818416597308,0.008809392984958309,2.0004388905599946,10,1024,0.5822995534816362,1019,113,214,557,895,0.1103515625,0.208984375,0.5439453125,0.8740234375,48.828125,False
layer3.2.conv1,conv,59,256,1,False,0,14,14,800000,4.96230623615727,33.15379909632692,0.12950702772002703,53.76517363132428,0.21002020949736047,13.618608414638725,0.05319768911968252,2.4997629895317446,10,256,0.9641269504288688,256,51,75,143,224,0.19921875,0.29296875,0.55859375,0.875,resnet50,ResNet50_Weights.IMAGENET1K_V1,imagenet_val[50000],3125.0,True,50000,0.504444371552316,14.86557176393768,0.058068639702881564,27.550155230603284,0.10761779386954408,6.762080574393682,0.02641437724372532,2.751520908077873,10,256,0.9533015973355061,256,31,51,104,190,0.12109375,0.19921875,0.40625,0.7421875,195.3125,True
layer3.2.relu,act,60,256,1,False,0,14,14,800000,1.8164120940359942,65.58508817803164,0.2561917506954361,115.64222699537957,0.45172744920070146,22.618461384008913,0.08835336478128482,1.2361505343080283,10,256,0.9918476606998642,256,138,183,237,254,0.5390625,0.71484375,0.92578125,0.9921875,resnet50,ResNet50_Weights.IMAGENET1K_V1,imagenet_val[50000],3125.0,True,50000,0.13665768486762814,19.755821983709907,0.07717117962386683,41.85157391866185,0.16348271061977285,8.089620978085973,0.03160008194564833,1.677957226963857,10,256,0.9913536645397611,256,57,98,193,247,0.22265625,0.3828125,0.75390625,0.96484375,195.3125,True
layer3.2.conv2,conv,61,256,1,False,0,14,14,800000,4.06278024491028,46.64815914373817,0.18221937165522722,79.15870283275535,0.3092136829404506,17.156697468030274,0.06701834948449326,2.0123909064241947,10,256,0.9480535557173785,256,78,111,188,244,0.3046875,0.43359375,0.734375,0.953125,resnet50,ResNet50_Weights.IMAGENET1K_V1,imagenet_val[50000],3125.0,True,50000,0.35024755962896037,10.948737551267643,0.04276850605963923,20.134153612993998,0.0786490375507578,5.542492046046791,0.021650359554870276,2.922946293018989,10,256,0.9520405783857128,256,23,39,85,169,0.08984375,0.15234375,0.33203125,0.66015625,195.3125,True
layer3.2.relu,act,62,256,1,False,1,14,14,800000,1.8024258595458207,108.29955482507171,0.42304513603543636,161.7914273341949,0.6319977630241989,29.342395509540694,0.11461873245914334,0.9985774221242514,10,256,0.9838804545600818,256,170,207,244,255,0.6640625,0.80859375,0.953125,0.99609375,resnet50,ResNet50_Weights.IMAGENET1K_V1,imagenet_val[50000],3125.0,True,50000,0.0972805035889671,22.96025342065326,0.0896884899244268,52.53036175345873,0.20519672559944815,8.153101760021839,0.03184805375008531,1.6014822370496309,10,256,0.9910435933142383,256,73,118,208,250,0.28515625,0.4609375,0.8125,0.9765625,195.3125,True
layer3.2.conv3,conv,63,1024,1,False,0,14,14,800000,1.0078736093086886,52.849350981154814,0.051610694317534,84.61375175493727,0.08263061694818093,21.92327934718086,0.021409452487481308,9.05023839494629,10,1024,0.7436506464303791,591,83,116,189,243,0.0810546875,0.11328125,0.1845703125,0.2373046875,resnet50,ResNet50_Weights.IMAGENET1K_V1,imagenet_val[50000],781.25,True,50000,0.059359660007451936,16.774516867825273,0.01638136412873562,34.752106571161384,0.03393760407339979,6.437700050004105,0.006286816455082134,8.64770386563873,10,1024,0.7896322894056473,625,42,64,126,213,0.041015625,0.0625,0.123046875,0.2080078125,48.828125,False
layer3.2.relu,act,64,1024,1,False,2,14,14,800000,17.843918794465935,163.52138072453585,0.15968884836380454,370.261067444744,0.3615830736765078,32.10432719508192,0.03135188202644719,1.1803030175553941,10,1024,0.5097754108597398,1023,528,713,928,1006,0.515625,0.6962890625,0.90625,0.982421875,resnet50,ResNet50_Weights.IMAGENET1K_V1,imagenet_val[50000],781.25,True,50000,1.6345393297226727,31.889521454393513,0.031142110795306165,94.34276316368388,0.09213160465203504,9.246310974644981,0.00902960056117674,1.7378426561323839,10,1024,0.9715909441265689,1023,150,281,662,947,0.146484375,0.2744140625,0.646484375,0.9248046875,48.828125,False
layer3.3.conv1,conv,65,256,1,False,0,14,14,800000,4.477203767118577,40.724618871455334,0.1590805424666224,70.32537038969512,0.2747084780847466,14.859137024569431,0.05804350400222434,2.139575446767548,10,256,0.9444890513404964,256,71,102,175,239,0.27734375,0.3984375,0.68359375,0.93359375,resnet50,ResNet50_Weights.IMAGENET1K_V1,imagenet_val[50000],3125.0,True,50000,0.43217674551486424,12.7338618625424,0.04974164790055625,28.740593742704736,0.11226794430744037,5.357571447454333,0.02092801346661849,2.4161954504128946,10,256,0.9419604711288441,256,41,65,129,213,0.16015625,0.25390625,0.50390625,0.83203125,195.3125,True
layer3.3.relu,act,66,256,1,False,0,14,14,800000,1.6523323460337103,80.66141693625168,0.31508365990723314,138.35859553206686,0.5404632637971362,23.797762272460375,0.09296000887679834,1.046226433219125,10,256,0.9892041029569002,256,160,200,242,255,0.625,0.78125,0.9453125,0.99609375,resnet50,ResNet50_Weights.IMAGENET1K_V1,imagenet_val[50000],3125.0,True,50000,0.108350089685356,18.911589442598203,0.07387339626014923,46.478548279069095,0.18155682921511365,7.308180790117328,0.028547581211395813,1.5305422520649485,10,256,0.9892284930059133,256,72,119,208,250,0.28125,0.46484375,0.8125,0.9765625,195.3125,True
layer3.3.conv2,conv,67,256,1,False,0,14,14,800000,2.7358413438650633,46.52004164921334,0.1817189126922396,89.98814258518105,0.3515161819733635,12.407962607346043,0.04846860393494548,1.6871200537881006,10,256,0.9383836864825799,256,99,137,209,249,0.38671875,0.53515625,0.81640625,0.97265625,resnet50,ResNet50_Weights.IMAGENET1K_V1,imagenet_val[50000],3125.0,True,50000,0.2586244366659704,11.872892220873052,0.04637848523778536,24.032631621200405,0.09387746727031408,5.769637820534529,0.022537647736463003,2.77653247077702,10,256,0.9464168487963445,256,30,48,102,187,0.1171875,0.1875,0.3984375,0.73046875,195.3125,True
layer3.3.relu,act,68,256,1,False,1,14,14,800000,1.5860038687965128,108.23417026149589,0.4227897275839683,167.20441385342636,0.6531422416149467,29.58826927991883,0.11557917687468293,0.8881746199919593,10,256,0.9842806390976836,256,178,212,246,255,0.6953125,0.828125,0.9609375,0.99609375,resnet50,ResNet50_Weights.IMAGENET1K_V1,imagenet_val[50000],3125.0,True,50000,0.10670823703437896,20.752733629732322,0.08106536574114188,49.14910106330585,0.19198867602853847,7.636397735350556,0.02982967865371311,1.5801050166323416,10,256,0.9920050338293758,256,70,116,208,250,0.2734375,0.453125,0.8125,0.9765625,195.3125,True
layer3.3.conv3,conv,69,1024,1,False,0,14,14,800000,0.7807538652957726,49.10676118160692,0.04795582146641301,88.18108012068775,0.08611433605535913,15.838567246364734,0.01546735082652806,9.041777428314639,10,1024,0.7341865043359987,589,92,128,201,247,0.08984375,0.125,0.1962890625,0.2412109375,resnet50,ResNet50_Weights.IMAGENET1K_V1,imagenet_val[50000],781.25,True,50000,0.06299590436927606,15.553362438457405,0.01518883050630606,31.651073241133,0.030909251212043944,7.484646435703435,0.0073092250348666355,8.64335042271523,10,1024,0.7868800458821279,624,40,62,128,216,0.0390625,0.060546875,0.125,0.2109375,48.828125,False
layer3.3.relu,act,70,1024,1,False,2,14,14,800000,17.222783375817656,188.9397285952945,0.18451145370634228,428.54152275112574,0.41849758081164623,36.65182130238992,0.035792794240615156,1.055240670813698,10,1024,0.47609672800687364,1023,597,770,954,1012,0.5830078125,0.751953125,0.931640625,0.98828125,resnet50,ResNet50_Weights.IMAGENET1K_V1,imagenet_val[50000],781.25,True,50000,1.5289374938259845,35.368891412915616,0.034539933020425406,109.13845633738957,0.106580523766982,9.619850059847142,0.009394384824069475,1.616884564214219,10,1024,0.9823727352651533,1023,180,335,731,971,0.17578125,0.3271484375,0.7138671875,0.9482421875,48.828125,False
layer3.4.conv1,conv,71,256,1,False,0,14,14,800000,4.126848882462334,42.28174571310964,0.16516306919183454,77.6541826435841,0.30333665095150036,12.53965881500435,0.04898304224611074,1.9232817888007356,10,256,0.9431090404254413,256,83,118,192,244,0.32421875,0.4609375,0.75,0.953125,resnet50,ResNet50_Weights.IMAGENET1K_V1,imagenet_val[50000],3125.0,True,50000,0.45471361121231346,13.297343549599871,0.051942748240624496,30.731401323741732,0.12004453642086614,5.682595754942856,0.02219763966774553,2.2966568315633493,10,256,0.9515608840739163,256,43,68,139,221,0.16796875,0.265625,0.54296875,0.86328125,195.3125,True
layer3.4.relu,act,72,256,1,False,0,14,14,800000,1.569386694828688,75.5526622007954,0.295127586721857,141.25939727928022,0.5517945206221884,15.900889930146539,0.06211285128963492,0.9749424675979445,10,256,0.9905117232437587,256,167,205,244,255,0.65234375,0.80078125,0.953125,0.99609375,resnet50,ResNet50_Weights.IMAGENET1K_V1,imagenet_val[50000],3125.0,True,50000,0.11564093811927804,20.977600839811263,0.08194375328051275,51.45290635463062,0.20098791544777586,7.827845076244352,0.0305775198290795,1.4822011272784608,10,256,0.9934656427768814,256,78,128,215,251,0.3046875,0.5,0.83984375,0.98046875,195.3125,True
layer3.4.conv2,conv,73,256,1,False,0,14,14,800000,2.5252068236183938,40.71709097421849,0.159051136618041,85.31228070003102,0.3332510964844962,9.936475584611903,0.03881435775239025,1.6579558445778193,10,256,0.9490799682161766,256,99,138,211,250,0.38671875,0.5390625,0.82421875,0.9765625,resnet50,ResNet50_Weights.IMAGENET1K_V1,imagenet_val[50000],3125.0,True,50000,0.28628770228812106,11.988626007214094,0.046830570340680056,25.937060351438657,0.10131664199780725,4.8108705213625065,0.01879246297407229,2.7645628192385967,10,256,0.9378495840645368,256,32,51,109,190,0.125,0.19921875,0.42578125,0.7421875,195.3125,True
layer3.4.relu,act,74,256,1,False,1,14,14,800000,1.5786383064264347,98.4278757581582,0.38448388968030545,160.9190706471705,0.6285901197155098,25.71547992066728,0.10045109344010657,0.879397222062466,10,256,0.9891715369560349,256,178,212,246,255,0.6953125,0.828125,0.9609375,0.99609375,resnet50,ResNet50_Weights.IMAGENET1K_V1,imagenet_val[50000],3125.0,True,50000,0.12234283750400525,23.33606831954489,0.09115651687322222,53.9977138402772,0.2109285696885828,8.678633605135357,0.033900912520059986,1.560213480544313,10,256,0.9917804417971217,256,76,123,211,250,0.296875,0.48046875,0.82421875,0.9765625,195.3125,True
layer3.4.conv3,conv,75,1024,1,False,0,14,14,800000,0.777857715210612,33.00744851188128,0.03223383643738406,77.88094049769218,0.07605560595477752,7.688730389086455,0.007508525770592241,8.9017252202379,10,1024,0.736774685749636,596,91,128,201,247,0.0888671875,0.125,0.1962890625,0.2412109375,resnet50,ResNet50_Weights.IMAGENET1K_V1,imagenet_val[50000],781.25,True,50000,0.07326307933448521,10.33538856618775,0.010093152896667724,27.586480087222405,0.02693992196017813,3.8368143158812265,0.00374688898035276,8.51998071384298,10,1024,0.7836970122699954,628,40,64,133,218,0.0390625,0.0625,0.1298828125,0.212890625,48.828125,False
layer3.4.relu,act,76,1024,1,False,2,14,14,800000,15.092734430350355,217.84916996727222,0.21274333004616428,493.0333706499931,0.4814779010253839,38.004637377476,0.03711390368894141,0.905527543450138,10,1024,0.9899197392826529,1024,660,816,973,1017,0.64453125,0.796875,0.9501953125,0.9931640625,resnet50,ResNet50_Weights.IMAGENET1K_V1,imagenet_val[50000],781.25,True,50000,1.2974281858351733,40.300556987084256,0.03935601268269947,130.46572129861772,0.12740793095568137,10.1028009198652,0.009866016523305859,1.4981137995427745,10,1024,0.9898324244760496,1024,226,408,797,990,0.220703125,0.3984375,0.7783203125,0.966796875,48.828125,False
layer3.5.conv1,conv,77,256,1,False,0,14,14,800000,3.8675230182317906,38.255715084300256,0.14943638704804788,81.29561546645911,0.3175609979158559,9.448237129180317,0.03690717628586061,1.7199846988871546,10,256,0.9438288556281483,256,94,132,206,248,0.3671875,0.515625,0.8046875,0.96875,resnet50,ResNet50_Weights.IMAGENET1K_V1,imagenet_val[50000],3125.0,True,50000,0.4329082708184401,12.077113534471042,0.04717622474402751,32.00504381721947,0.12501970241101357,4.6942461857514965,0.018336899163091783,2.114695790789837,10,256,0.9523890384491556,256,49,78,155,231,0.19140625,0.3046875,0.60546875,0.90234375,195.3125,True
layer3.5.relu,act,78,256,1,False,0,14,14,800000,1.8519599402545759,38.298941098253664,0.14960523866505337,120.53566973309103,0.4708424598948868,7.277288852841953,0.02842690958141388,0.9091588028627574,10,256,0.9887002156001232,256,168,206,244,255,0.65625,0.8046875,0.953125,0.99609375,resnet50,ResNet50_Weights.IMAGENET1K_V1,imagenet_val[50000],3125.0,True,50000,0.1286279290309991,20.376532948172553,0.07959583182879904,54.26497000939147,0.21197253909918543,7.367425103250218,0.028779004309571164,1.4132830685754183,10,256,0.9901021135879812,256,88,138,219,252,0.34375,0.5390625,0.85546875,0.984375,195.3125,True
layer3.5.conv2,conv,79,256,1,False,0,14,14,800000,3.282436435685047,28.531183409038643,0.1114499351915572,69.38757403739164,0.2710452110835611,7.435783167125912,0.029046027996585594,1.673202802027473,10,256,0.9555467487590672,256,90,129,206,249,0.3515625,0.50390625,0.8046875,0.97265625,resnet50,ResNet50_Weights.IMAGENET1K_V1,imagenet_val[50000],3125.0,True,50000,0.4892043262244345,10.06174700133732,0.039303699223973906,22.708421901380085,0.08870477305226596,4.3751954729525675,0.017090607316220967,2.809464091794266,10,256,0.9257356916600686,256,30,50,106,185,0.1171875,0.1953125,0.4140625,0.72265625,195.3125,True
layer3.5.relu,act,80,256,1,False,1,14,14,800000,2.161946423231544,42.054224820538685,0.16427431570522924,116.82805914464696,0.4563596060337772,8.278395642269341,0.032337482977614615,0.9433776001173614,10,256,0.9913266069831307,256,163,203,244,255,0.63671875,0.79296875,0.953125,0.99609375,resnet50,ResNet50_Weights.IMAGENET1K_V1,imagenet_val[50000],3125.0,True,50000,0.2240062412147426,14.613384140766803,0.05708353179987032,40.71843182805502,0.1590563743283399,4.982308697445921,0.01946214334939813,1.5673389366091257,10,256,0.9908317203538385,256,65,112,205,248,0.25390625,0.4375,0.80078125,0.96875,195.3125,True
layer3.5.conv3,conv,81,1024,1,False,0,14,14,800000,1.473193565760144,9.715251307393125,0.009487550104876098,37.82665422296296,0.036940092014612264,3.376801572206174,0.0032976577853575917,8.543136361514492,10,1024,0.7500093240625645,607,71,108,187,243,0.0693359375,0.10546875,0.1826171875,0.2373046875,resnet50,ResNet50_Weights.IMAGENET1K_V1,imagenet_val[50000],781.25,True,50000,0.19879487851260788,4.914052331349686,0.004798879229833678,14.312182465575486,0.01397674068903856,2.3692185870267912,0.002313690026393351,8.239211826565224,10,1024,0.7901398912312193,629,26,47,114,207,0.025390625,0.0458984375,0.111328125,0.2021484375,48.828125,False
layer3.5.relu,act,82,1024,1,False,2,14,14,800000,11.26820826268504,277.90066812543824,0.2713873712162483,576.9955022704986,0.5634721701860338,44.85893944166415,0.043807558048500145,0.8003971616149529,10,1024,0.9910151382127663,1024,715,852,984,1019,0.6982421875,0.83203125,0.9609375,0.9951171875,resnet50,ResNet50_Weights.IMAGENET1K_V1,imagenet_val[50000],781.25,True,50000,0.8979310889952354,57.69676348829195,0.05634449559403511,177.27425873239096,0.17311939329335055,12.648993367818072,0.012352532585759836,1.3994344511627363,10,1024,0.9917914631853262,1024,296,499,853,1001,0.2890625,0.4873046875,0.8330078125,0.9775390625,48.828125,False
layer4.0.conv1,conv,83,512,1,False,0,14,14,800000,7.3574156584405825,27.61598893584965,0.05393747839033135,98.2622470014583,0.19191845117472325,6.1663395888563555,0.01204363200948507,1.798743011443542,10,512,0.92532819036321,512,145,216,367,480,0.283203125,0.421875,0.716796875,0.9375,resnet50,ResNet50_Weights.IMAGENET1K_V1,imagenet_val[50000],1562.5,True,50000,0.6806391575829832,15.462141194813077,0.03019949452111929,54.38463921193477,0.1062199984608101,4.420229780873748,0.008633261290769039,2.2796479059295836,10,512,0.9405310398855445,512,81,129,264,430,0.158203125,0.251953125,0.515625,0.83984375,97.65625,True
layer4.0.relu,act,84,512,1,False,0,14,14,800000,3.2779629166949866,53.57242477993884,0.10463364214831805,226.09230417693556,0.44158653159557726,8.383533251029716,0.016374088380917414,0.8136749614135431,10,512,0.9970723044894411,512,347,421,492,510,0.677734375,0.822265625,0.9609375,0.99609375,resnet50,ResNet50_Weights.IMAGENET1K_V1,imagenet_val[50000],1562.5,True,50000,0.15207553980369326,58.837201037952845,0.11491640827725165,150.35976531595418,0.293671416632723,12.753873825900587,0.024909909816212085,1.2828820690399785,10,512,0.991654569713611,512,217,320,460,506,0.423828125,0.625,0.8984375,0.98828125,97.65625,True
layer4.0.conv2,conv,85,512,1,False,0,7,7,800000,7.074194004008952,52.17413964851724,0.10190261650101023,135.74752197469957,0.2651318788568351,9.885191532765365,0.019307014712432354,1.6883528561552597,10,512,0.9514263165952792,512,161,237,401,496,0.314453125,0.462890625,0.783203125,0.96875,resnet50,ResNet50_Weights.IMAGENET1K_V1,imagenet_val[50000],1562.5,True,50000,1.166627693141135,34.784331252319184,0.0679381469771859,81.538846864421,0.15925556028207227,8.56513161794603,0.01672877269130084,2.465561449744598,10,512,0.928683421374242,512,96,137,251,421,0.1875,0.267578125,0.490234375,0.822265625,97.65625,True
layer4.0.relu,act,86,512,1,False,1,7,7,800000,4.404364358227299,96.45576910369641,0.18839017403065705,262.749219940224,0.51318207019575,13.448793845264198,0.026267175479031638,0.876350117504446,10,512,0.9906962397441413,512,344,420,492,510,0.671875,0.8203125,0.9609375,0.99609375,resnet50,ResNet50_Weights.IMAGENET1K_V1,imagenet_val[50000],1562.5,True,50000,0.5495128283263692,72.3012498684461,0.1412133786493088,164.7819343335384,0.3218397154951922,15.696430261592115,0.0306570903546721,1.3216146606133103,10,512,0.9874838949332352,512,213,319,461,506,0.416015625,0.623046875,0.900390625,0.98828125,97.65625,True
layer4.0.conv3,conv,87,2048,1,False,0,7,7,800000,2.866915391467532,103.10791797931525,0.05034566307583752,186.3080507955638,0.09097072792752138,18.3120185417234,0.00894141530357588,8.034527638682723,10,2048,0.7108886217231349,1149,178,245,395,492,0.0869140625,0.11962890625,0.19287109375,0.240234375,resnet50,ResNet50_Weights.IMAGENET1K_V1,imagenet_val[50000],390.625,True,50000,0.419049571577537,68.70233013945752,0.03354605963840699,123.17062288513813,0.06014190570563385,19.033171958875773,0.009293540995544811,8.207502071762757,10,2048,0.7562081852443301,1242,123,170,309,463,0.06005859375,0.0830078125,0.15087890625,0.22607421875,24.4140625,False
layer4.0.downsample.0,conv,88,2048,1,False,0,7,7,800000,3.4479305001572427,110.14180621805619,0.05378017881741025,235.5625011476,0.11502075251347656,21.890783007089436,0.010688858890180388,5.892415701915995,10,2048,0.5067876895400807,1429,267,393,687,939,0.13037109375,0.19189453125,0.33544921875,0.45849609375,resnet50,ResNet50_Weights.IMAGENET1K_V1,imagenet_val[50000],390.625,True,50000,0.5654458811259319,28.96087183688138,0.014141050701602237,74.58855606595243,0.036420193391578336,8.092229183572965,0.003951283781041487,6.335309741480279,10,2048,0.5924980422607766,1510,100,170,411,783,0.048828125,0.0830078125,0.20068359375,0.38232421875,24.4140625,False
layer4.0.relu,act,89,2048,1,False,2,7,7,800000,184.66167829489288,181.91431385686843,0.08882534856292404,495.5103459239979,0.2419484110957021,32.49174774888194,0.01586511120550876,1.1694437576681362,10,2048,0.9873387315822202,2048,870,1310,1841,2016,0.4248046875,0.6396484375,0.89892578125,0.984375,resnet50,ResNet50_Weights.IMAGENET1K_V1,imagenet_val[50000],390.625,True,50000,29.315687234552883,61.78375582942825,0.030167849526088013,174.94075481019252,0.08542029043466431,15.00124849838128,0.007324828368350234,1.568125950943834,10,2048,0.9921006119875366,2048,247,537,1427,1946,0.12060546875,0.26220703125,0.69677734375,0.9501953125,24.4140625,False
layer4.1.conv1,conv,90,512,1,False,0,7,7,800000,79.46165141461044,68.25048707645944,0.13330173257120984,137.5238722121756,0.2686013129144055,13.086146258210116,0.025558879410566632,2.1597055206671127,10,512,0.9041418051441522,512,140,189,320,465,0.2734375,0.369140625,0.625,0.908203125,resnet50,ResNet50_Weights.IMAGENET1K_V1,imagenet_val[50000],1562.5,True,50000,13.578689181600698,46.9803869848715,0.09175856832982715,94.36090638276531,0.1842986452788385,12.281259398260465,0.02398683476222747,2.5552516108494894,10,512,0.9168665567101455,512,102,143,248,413,0.19921875,0.279296875,0.484375,0.806640625,97.65625,True
layer4.1.relu,act,91,512,1,False,0,7,7,800000,3.4186852239194625,140.89355421645485,0.27518272307901337,296.8062624118563,0.5796997312731569,19.21154198725705,0.037522542943861426,0.8674953528503895,10,512,0.9834009503105863,512,350,422,491,510,0.68359375,0.82421875,0.958984375,0.99609375,resnet50,ResNet50_Weights.IMAGENET1K_V1,imagenet_val[50000],1562.5,True,50000,0.40755650395199433,95.09915712822598,0.18574054126606637,193.37841645233843,0.3776922196334735,25.26549014775378,0.0493466604448316,1.2571792855829234,10,512,0.9854824112672967,512,241,342,467,507,0.470703125,0.66796875,0.912109375,0.990234375,97.65625,True
layer4.1.conv2,conv,92,512,1,False,0,7,7,800000,7.2381727637317645,41.43604467629141,0.08092977475838166,144.0698929321067,0.2813865096330209,7.661440741657381,0.014963751448549572,1.5384087568336624,10,512,0.934382813013581,512,191,271,420,499,0.373046875,0.529296875,0.8203125,0.974609375,resnet50,ResNet50_Weights.IMAGENET1K_V1,imagenet_val[50000],1562.5,True,50000,2.036647725645635,41.84640251528482,0.08173125491266567,93.20870642909523,0.18204825474432662,11.272751347724293,0.02201709247602401,2.4492428786939153,10,512,0.8992964151214454,512,107,153,273,419,0.208984375,0.298828125,0.533203125,0.818359375,97.65625,True
layer4.1.relu,act,93,512,1,False,1,7,7,800000,3.3146497062761453,235.77176446755334,0.4604917274756901,361.4411366118057,0.705939719944933,46.61772396134219,0.09105024211199647,0.726959840951795,10,512,0.9879177198401102,512,382,441,497,511,0.74609375,0.861328125,0.970703125,0.998046875,resnet50,ResNet50_Weights.IMAGENET1K_V1,imagenet_val[50000],1562.5,True,50000,0.7781891428015126,114.60086447171962,0.22382981342132738,219.8428102300859,0.4293804887306365,26.117631306009123,0.05101099864454907,1.2181504442514186,10,512,0.9662835410299473,512,264,356,465,504,0.515625,0.6953125,0.908203125,0.984375,97.65625,True
layer4.1.conv3,conv,94,2048,1,False,0,7,7,800000,1.7923046514452876,148.14199662795383,0.07233495929099308,234.53580102437567,0.11451943409393343,36.70836411551143,0.017924005915777065,8.092917109609933,10,2048,0.6942802379262445,1150,225,298,429,499,0.10986328125,0.1455078125,0.20947265625,0.24365234375,resnet50,ResNet50_Weights.IMAGENET1K_V1,imagenet_val[50000],390.625,True,50000,0.4988705827526133,84.65635936049875,0.04133611296899353,150.6804874825022,0.07357445677856553,21.365676927724746,0.010432459437365598,8.31056943046633,10,2048,0.7429994706597952,1240,151,211,354,473,0.07373046875,0.10302734375,0.1728515625,0.23095703125,24.4140625,False
layer4.1.relu,act,95,2048,1,False,2,7,7,800000,352.7416441858512,190.8789541727314,0.093202614342154,499.28025960921696,0.24378918926231297,31.617243626637347,0.015438107239569017,1.2031004716535614,10,2048,0.9900652330645263,2048,829,1278,1835,2018,0.40478515625,0.6240234375,0.89599609375,0.9853515625,resnet50,ResNet50_Weights.IMAGENET1K_V1,imagenet_val[50000],390.625,True,50000,86.87903012461406,78.8699607993513,0.038510723046558254,201.46729188119892,0.09837270111386666,18.89291085162828,0.009225054126771621,1.6403327548813034,10,2048,0.991573628380328,2048,251,513,1389,1940,0.12255859375,0.25048828125,0.67822265625,0.947265625,24.4140625,False
layer4.2.conv1,conv,96,512,1,False,0,7,7,800000,154.67917735833598,39.628107030593185,0.07739864654412731,152.001491105602,0.29687791231562893,7.078623491453734,0.013825436506745574,1.811979752908097,10,512,0.8449417984167351,512,187,243,370,482,0.365234375,0.474609375,0.72265625,0.94140625,resnet50,ResNet50_Weights.IMAGENET1K_V1,imagenet_val[50000],1562.5,True,50000,34.30254976984085,57.970302074601015,0.11322324623945511,138.27777132383528,0.2700737721168658,10.343591342963238,0.020202326841725075,2.207080916070189,10,512,0.8661309018212673,512,151,200,314,453,0.294921875,0.390625,0.61328125,0.884765625,97.65625,True
layer4.2.relu,act,97,512,1,False,0,7,7,800000,3.6649056317455866,38.84105011273835,0.07586142600144209,227.43158541655842,0.44420231526671566,6.660064355712851,0.013007938194751663,0.7534075378062491,10,512,0.9696655112500705,512,356,426,493,510,0.6953125,0.83203125,0.962890625,0.99609375,resnet50,ResNet50_Weights.IMAGENET1K_V1,imagenet_val[50000],1562.5,True,50000,0.47506672615881324,136.0271288536052,0.26567798604219767,260.6200495001718,0.509023534180023,22.627200148258122,0.044193750289566645,1.1001525344565872,10,512,0.9631080566264064,512,292,380,480,509,0.5703125,0.7421875,0.9375,0.994140625,97.65625,True
layer4.2.conv2,conv,98,512,1,False,0,7,7,800000,6.918369307236138,12.51290425549236,0.024439266124008516,90.51346526669401,0.17678411184901174,3.6171879598274823,0.007064820234038051,1.7312654881008476,10,512,0.8591356529986579,512,175,235,373,484,0.341796875,0.458984375,0.728515625,0.9453125,resnet50,ResNet50_Weights.IMAGENET1K_V1,imagenet_val[50000],1562.5,True,50000,2.420780969486159,22.74451265050733,0.044422876270522126,106.94154175939556,0.20887019874881946,5.091416342546721,0.009944172544036565,2.492162070625642,10,512,0.7739826842643281,512,152,198,295,408,0.296875,0.38671875,0.576171875,0.796875,97.65625,True
layer4.2.relu,act,99,512,1,False,1,7,7,800000,4.012763810441058,115.50367255133855,0.2255931104518331,311.26656965540855,0.6079425188582198,13.464254107296995,0.026297371303314443,0.8107707869967732,10,512,0.9503836918608436,512,357,427,493,510,0.697265625,0.833984375,0.962890625,0.99609375,resnet50,ResNet50_Weights.IMAGENET1K_V1,imagenet_val[50000],1562.5,True,50000,1.2867606206754505,137.3592020880858,0.26827969157829257,271.1430664420095,0.5295763016445498,18.812152045422447,0.03674248446371572,1.1138337694443616,10,512,0.9385236618283707,512,288,377,479,508,0.5625,0.736328125,0.935546875,0.9921875,97.65625,True
layer4.2.conv3,conv,100,2048,1,False,0,7,7,800000,1.9899896203189364,139.00105226089715,0.06787160754926619,218.19253645873076,0.10653932444273963,21.547978779342966,0.010521474013351058,8.020710529440153,10,2048,0.7264465900741246,1169,188,234,355,477,0.091796875,0.1142578125,0.17333984375,0.23291015625,resnet50,ResNet50_Weights.IMAGENET1K_V1,imagenet_val[50000],390.625,True,50000,0.6948163631937564,145.00676289842409,0.07080408344649614,199.30732471494272,0.09731802964596813,45.05815317935984,0.022001051357109298,8.40248157146389,10,2048,0.7530487894789938,1231,170,210,313,454,0.0830078125,0.1025390625,0.15283203125,0.2216796875,24.4140625,False
layer4.2.relu,act,101,2048,1,False,2,7,7,800000,1276.257846138792,100.21344379610095,0.048932345603564915,360.5525639704894,0.17605105662621554,12.68369449935623,0.006193210204763784,1.3786796211899592,10,2048,0.9686480432564673,2048,501,994,1732,1998,0.24462890625,0.4853515625,0.845703125,0.9755859375,resnet50,ResNet50_Weights.IMAGENET1K_V1,imagenet_val[50000],390.625,True,50000,429.32543573095313,123.13566055282331,0.06012483425430826,251.1282000716713,0.12262119144124575,28.529672191804767,0.013930503999904672,1.7692801401696012,10,2048,0.9734258905885708,2048,230,416,1309,1916,0.1123046875,0.203125,0.63916015625,0.935546875,24.4140625,False
