layer,kind,depth_index,C,groups,is_depthwise,r_max,call_index,H,W,n_samples,total_variance,participation_ratio,participation_ratio_norm,effective_rank,effective_rank_norm,stable_rank,stable_rank_norm,powerlaw_alpha,powerlaw_fit_lo,powerlaw_fit_hi,powerlaw_r2,nonzero_eigs,k_star_0.9,k_star_0.95,k_star_0.99,k_star_0.999,k_star_ratio_0.9,k_star_ratio_0.95,k_star_ratio_0.99,k_star_ratio_0.999,n_over_C,model
features.0,conv,0,64,1,False,27.0,0,224.0,224.0,1024,45.55053461321755,4.746789379821046,0.07416858405970385,5.71506990686298,0.08929796729473406,3.3739619671741874,0.05271815573709668,11.808709839828683,10,64,0.9745588231430489,45,5,6,9,12,0.078125,0.09375,0.140625,0.1875,1,timm:vgg16.tv_in1k
features.0,conv,0,64,1,False,27.0,0,224.0,224.0,1024,45.55053461321755,4.746789379821046,0.07416858405970385,5.71506990686298,0.08929796729473406,3.3739619671741874,0.05271815573709668,11.808709839828683,10,64,0.9745588231430489,45,5,6,9,12,0.078125,0.09375,0.140625,0.1875,2,timm:vgg16.tv_in1k
features.0,conv,0,64,1,False,27.0,0,224.0,224.0,1024,45.55053461321755,4.746789379821046,0.07416858405970385,5.71506990686298,0.08929796729473406,3.3739619671741874,0.05271815573709668,11.808709839828683,10,64,0.9745588231430489,45,5,6,9,12,0.078125,0.09375,0.140625,0.1875,5,timm:vgg16.tv_in1k
features.0,conv,0,64,1,False,27.0,0,224.0,224.0,1024,45.55053461321755,4.746789379821046,0.07416858405970385,5.71506990686298,0.08929796729473406,3.3739619671741874,0.05271815573709668,11.808709839828683,10,64,0.9745588231430489,45,5,6,9,12,0.078125,0.09375,0.140625,0.1875,10,timm:vgg16.tv_in1k
features.0,conv,0,64,1,False,27.0,0,224.0,224.0,2048,49.2576944556585,4.85298336341881,0.0758278650534189,5.761572039996111,0.09002456312493923,3.4545095844772744,0.05397671225745741,11.926786043635976,10,64,0.976322377026228,45,5,6,9,12,0.078125,0.09375,0.140625,0.1875,25,timm:vgg16.tv_in1k
features.0,conv,0,64,1,False,27.0,0,224.0,224.0,4096,48.4652149979281,4.9368646523630195,0.07713851019317218,5.842728083696683,0.09129262630776067,3.4964965976643407,0.054632759338505324,12.257112736396163,10,64,0.9755362944628405,45,5,6,9,12,0.078125,0.09375,0.140625,0.1875,50,timm:vgg16.tv_in1k
features.0,conv,0,64,1,False,27.0,0,224.0,224.0,7168,49.539031762010666,5.118791522940193,0.07998111754594052,5.99425653463365,0.09366025835365079,3.6168590435386743,0.056513422555291785,12.5148368218175,10,64,0.9824133710319357,45,5,6,9,12,0.078125,0.09375,0.140625,0.1875,100,timm:vgg16.tv_in1k
features.0,conv,0,64,1,False,27.0,0,224.0,224.0,16384,51.35691079409069,5.15916340696912,0.0806119282338925,6.033291587939465,0.09427018106155415,3.741852638717192,0.05846644747995613,12.771169001316512,10,64,0.9797717774005992,46,5,6,9,12,0.078125,0.09375,0.140625,0.1875,250,timm:vgg16.tv_in1k
features.1,act,1,64,1,False,,0,224.0,224.0,1024,13.760447565528075,8.554532520379768,0.13366457063093387,13.151083822211765,0.20548568472205883,4.5158512865128495,0.07056017635176327,2.8603491055674874,10,64,0.9904717176592693,64,12,18,36,57,0.1875,0.28125,0.5625,0.890625,1,timm:vgg16.tv_in1k
features.1,act,1,64,1,False,,0,224.0,224.0,1024,13.760447565528075,8.554532520379768,0.13366457063093387,13.151083822211765,0.20548568472205883,4.5158512865128495,0.07056017635176327,2.8603491055674874,10,64,0.9904717176592693,64,12,18,36,57,0.1875,0.28125,0.5625,0.890625,2,timm:vgg16.tv_in1k
features.1,act,1,64,1,False,,0,224.0,224.0,1024,13.760447565528075,8.554532520379768,0.13366457063093387,13.151083822211765,0.20548568472205883,4.5158512865128495,0.07056017635176327,2.8603491055674874,10,64,0.9904717176592693,64,12,18,36,57,0.1875,0.28125,0.5625,0.890625,5,timm:vgg16.tv_in1k
features.1,act,1,64,1,False,,0,224.0,224.0,1024,13.760447565528075,8.554532520379768,0.13366457063093387,13.151083822211765,0.20548568472205883,4.5158512865128495,0.07056017635176327,2.8603491055674874,10,64,0.9904717176592693,64,12,18,36,57,0.1875,0.28125,0.5625,0.890625,10,timm:vgg16.tv_in1k
features.1,act,1,64,1,False,,0,224.0,224.0,2048,15.450680000978256,8.67695290261364,0.13557738910333814,13.356636768532477,0.20869744950831995,4.729678260408931,0.07390122281888954,2.792220743062123,10,64,0.9907736972890215,64,12,18,37,57,0.1875,0.28125,0.578125,0.890625,25,timm:vgg16.tv_in1k
features.1,act,1,64,1,False,,0,224.0,224.0,4096,15.14397500596234,8.794843620409175,0.13741943156889336,13.439543092437752,0.20999286081933988,4.893035640355882,0.07645368188056066,2.7322180506444944,10,64,0.9917625304443358,64,12,18,37,58,0.1875,0.28125,0.578125,0.90625,50,timm:vgg16.tv_in1k
features.1,act,1,64,1,False,,0,224.0,224.0,7168,15.764961764893219,9.014126267702267,0.14084572293284792,13.716276318557059,0.21431681747745404,4.928583269795437,0.07700911359055371,2.7192584007554337,10,64,0.991256887591375,64,13,18,38,58,0.203125,0.28125,0.59375,0.90625,100,timm:vgg16.tv_in1k
features.1,act,1,64,1,False,,0,224.0,224.0,16384,16.049272718749954,8.767441341364858,0.1369912709588259,13.51196642502445,0.21112447539100704,4.735722335424982,0.07399566149101534,2.690280481074508,10,64,0.9917530285380531,64,13,18,38,58,0.203125,0.28125,0.59375,0.90625,250,timm:vgg16.tv_in1k
features.2,conv,2,64,1,False,64.0,0,224.0,224.0,1024,254.624971839107,9.780983934727224,0.15282787398011288,13.812494084800992,0.2158202200750155,5.37585704325323,0.08399776630083172,4.301114389690692,10,64,0.9789444196371954,64,12,16,27,45,0.1875,0.25,0.421875,0.703125,1,timm:vgg16.tv_in1k
features.2,conv,2,64,1,False,64.0,0,224.0,224.0,1024,254.624971839107,9.780983934727224,0.15282787398011288,13.812494084800992,0.2158202200750155,5.37585704325323,0.08399776630083172,4.301114389690692,10,64,0.9789444196371954,64,12,16,27,45,0.1875,0.25,0.421875,0.703125,2,timm:vgg16.tv_in1k
features.2,conv,2,64,1,False,64.0,0,224.0,224.0,1024,254.624971839107,9.780983934727224,0.15282787398011288,13.812494084800992,0.2158202200750155,5.37585704325323,0.08399776630083172,4.301114389690692,10,64,0.9789444196371954,64,12,16,27,45,0.1875,0.25,0.421875,0.703125,5,timm:vgg16.tv_in1k
features.2,conv,2,64,1,False,64.0,0,224.0,224.0,1024,254.624971839107,9.780983934727224,0.15282787398011288,13.812494084800992,0.2158202200750155,5.37585704325323,0.08399776630083172,4.301114389690692,10,64,0.9789444196371954,64,12,16,27,45,0.1875,0.25,0.421875,0.703125,10,timm:vgg16.tv_in1k
features.2,conv,2,64,1,False,64.0,0,224.0,224.0,2048,271.0858215933645,9.628419624580633,0.1504440566340724,13.736349795106639,0.21463046554854123,5.560657197965321,0.08688526871820815,4.245560887243124,10,64,0.9790035183034613,64,13,17,27,45,0.203125,0.265625,0.421875,0.703125,25,timm:vgg16.tv_in1k
features.2,conv,2,64,1,False,64.0,0,224.0,224.0,4096,271.7925042287715,9.536155459122602,0.14900242904879066,13.577053830154396,0.21214146609616244,5.476623413241996,0.08557224083190619,4.2024923492568025,10,64,0.9800789784531613,64,12,16,27,46,0.1875,0.25,0.421875,0.71875,50,timm:vgg16.tv_in1k
features.2,conv,2,64,1,False,64.0,0,224.0,224.0,7168,290.45274641672836,9.64882728312139,0.15076292629877172,13.686497756058888,0.21385152743842012,5.6079495387144425,0.08762421154241316,4.201049292351656,10,64,0.9800023541615499,64,12,17,27,46,0.1875,0.265625,0.421875,0.71875,100,timm:vgg16.tv_in1k
features.2,conv,2,64,1,False,64.0,0,224.0,224.0,16384,297.9967254682387,9.581852632398444,0.1497164473812257,13.642017974513355,0.21315653085177116,5.536126522654829,0.0865019769164817,4.185879962617843,10,64,0.9798397806581027,64,12,17,27,46,0.1875,0.265625,0.421875,0.71875,250,timm:vgg16.tv_in1k
features.3,act,3,64,1,False,,0,224.0,224.0,1024,68.6248990503574,17.729658856464916,0.2770259196322643,26.507085520810357,0.4141732112626618,8.873522915947381,0.13864879556167783,2.18774863051335,10,64,0.9746993849786237,64,25,35,53,63,0.390625,0.546875,0.828125,0.984375,1,timm:vgg16.tv_in1k
features.3,act,3,64,1,False,,0,224.0,224.0,1024,68.6248990503574,17.729658856464916,0.2770259196322643,26.507085520810357,0.4141732112626618,8.873522915947381,0.13864879556167783,2.18774863051335,10,64,0.9746993849786237,64,25,35,53,63,0.390625,0.546875,0.828125,0.984375,2,timm:vgg16.tv_in1k
features.3,act,3,64,1,False,,0,224.0,224.0,1024,68.6248990503574,17.729658856464916,0.2770259196322643,26.507085520810357,0.4141732112626618,8.873522915947381,0.13864879556167783,2.18774863051335,10,64,0.9746993849786237,64,25,35,53,63,0.390625,0.546875,0.828125,0.984375,5,timm:vgg16.tv_in1k
features.3,act,3,64,1,False,,0,224.0,224.0,1024,68.6248990503574,17.729658856464916,0.2770259196322643,26.507085520810357,0.4141732112626618,8.873522915947381,0.13864879556167783,2.18774863051335,10,64,0.9746993849786237,64,25,35,53,63,0.390625,0.546875,0.828125,0.984375,10,timm:vgg16.tv_in1k
features.3,act,3,64,1,False,,0,224.0,224.0,2048,75.57647069036011,18.355769276875332,0.28680889495117706,27.235676941060223,0.425557452204066,9.832610587960987,0.15363454043689043,2.095130618890808,10,64,0.9780801947901907,64,26,36,54,63,0.40625,0.5625,0.84375,0.984375,25,timm:vgg16.tv_in1k
features.3,act,3,64,1,False,,0,224.0,224.0,4096,74.73961248228198,18.601336863676877,0.2906458884949512,27.578638674883297,0.4309162292950515,9.915330318976531,0.1549270362340083,2.079409027767415,10,64,0.9777899925984119,64,26,36,54,63,0.40625,0.5625,0.84375,0.984375,50,timm:vgg16.tv_in1k
features.3,act,3,64,1,False,,0,224.0,224.0,7168,79.89265353054091,18.40683009159756,0.28760672018121186,27.34162051277804,0.42721282051215687,10.035935049600761,0.1568114851500119,2.0670857798258004,10,64,0.9799532656257305,64,26,36,54,63,0.40625,0.5625,0.84375,0.984375,100,timm:vgg16.tv_in1k
features.3,act,3,64,1,False,,0,224.0,224.0,16384,80.99511630173834,18.297471435911156,0.2858979911861118,27.287939420056816,0.42637405343838775,9.948029877916479,0.15543796684244499,2.046712403695494,10,64,0.9808343958013296,64,26,36,55,63,0.40625,0.5625,0.859375,0.984375,250,timm:vgg16.tv_in1k
features.5,conv,4,128,1,False,128.0,0,112.0,112.0,1024,1569.7844935144033,9.502363401615623,0.07423721407512206,18.72041114644411,0.1462532120815946,3.8592531520464135,0.030150415250362606,3.2261928664379544,10,128,0.9606418447774712,128,21,30,56,96,0.1640625,0.234375,0.4375,0.75,1,timm:vgg16.tv_in1k
features.5,conv,4,128,1,False,128.0,0,112.0,112.0,1024,1569.7844935144033,9.502363401615623,0.07423721407512206,18.72041114644411,0.1462532120815946,3.8592531520464135,0.030150415250362606,3.2261928664379544,10,128,0.9606418447774712,128,21,30,56,96,0.1640625,0.234375,0.4375,0.75,2,timm:vgg16.tv_in1k
features.5,conv,4,128,1,False,128.0,0,112.0,112.0,1024,1569.7844935144033,9.502363401615623,0.07423721407512206,18.72041114644411,0.1462532120815946,3.8592531520464135,0.030150415250362606,3.2261928664379544,10,128,0.9606418447774712,128,21,30,56,96,0.1640625,0.234375,0.4375,0.75,5,timm:vgg16.tv_in1k
features.5,conv,4,128,1,False,128.0,0,112.0,112.0,2048,1669.2553250542953,9.99099734438896,0.07805466675303875,19.29796427457727,0.15076534589513493,4.011372581906393,0.031338848296143695,3.16380209381013,10,128,0.9622616365289215,128,21,30,57,98,0.1640625,0.234375,0.4453125,0.765625,10,timm:vgg16.tv_in1k
features.5,conv,4,128,1,False,128.0,0,112.0,112.0,4096,1691.4749555786987,9.937858218368756,0.07763951733100591,19.279371776548853,0.15062009200428791,3.9933373447255014,0.03119794800566798,3.124021119427133,10,128,0.9638920886433922,128,22,30,58,99,0.171875,0.234375,0.453125,0.7734375,25,timm:vgg16.tv_in1k
features.5,conv,4,128,1,False,128.0,0,112.0,112.0,7168,1764.329803820302,10.497729844415607,0.08201351440949693,19.846343188494455,0.15504955616011293,4.218257222364083,0.0329551345497194,3.1166507173071847,10,128,0.9653311638418967,128,22,30,58,99,0.171875,0.234375,0.453125,0.7734375,50,timm:vgg16.tv_in1k
features.5,conv,4,128,1,False,128.0,0,112.0,112.0,13312,1824.5207414976976,10.360983073811223,0.08094518026415018,19.665630181644357,0.15363773579409654,4.176429063181547,0.032628352056105835,3.108007484660901,10,128,0.9652807316886359,128,22,30,58,99,0.171875,0.234375,0.453125,0.7734375,100,timm:vgg16.tv_in1k
features.5,conv,4,128,1,False,128.0,0,112.0,112.0,32768,1888.9168333503148,10.375102721804987,0.08105549001410146,19.701302025374016,0.1539164220732345,4.162901988810362,0.032522671787580955,3.100652905930288,10,128,0.9654258573863677,128,21,30,58,100,0.1640625,0.234375,0.453125,0.78125,250,timm:vgg16.tv_in1k
features.6,act,5,128,1,False,,0,112.0,112.0,1024,255.36926339635164,34.08028212014258,0.2662522040636139,56.8420102155582,0.4440782048090484,11.624447303427617,0.09081599455802826,1.57361922375795,10,128,0.9589147733903122,128,62,82,113,126,0.484375,0.640625,0.8828125,0.984375,1,timm:vgg16.tv_in1k
features.6,act,5,128,1,False,,0,112.0,112.0,1024,255.36926339635164,34.08028212014258,0.2662522040636139,56.8420102155582,0.4440782048090484,11.624447303427617,0.09081599455802826,1.57361922375795,10,128,0.9589147733903122,128,62,82,113,126,0.484375,0.640625,0.8828125,0.984375,2,timm:vgg16.tv_in1k
features.6,act,5,128,1,False,,0,112.0,112.0,1024,255.36926339635164,34.08028212014258,0.2662522040636139,56.8420102155582,0.4440782048090484,11.624447303427617,0.09081599455802826,1.57361922375795,10,128,0.9589147733903122,128,62,82,113,126,0.484375,0.640625,0.8828125,0.984375,5,timm:vgg16.tv_in1k
features.6,act,5,128,1,False,,0,112.0,112.0,2048,269.9767074960432,36.20887078200319,0.2828818029843999,59.98735168674088,0.4686511850526631,12.147406577335666,0.09490161388543489,1.470861287048073,10,128,0.9684183439083236,128,66,87,115,126,0.515625,0.6796875,0.8984375,0.984375,10,timm:vgg16.tv_in1k
features.6,act,5,128,1,False,,0,112.0,112.0,4096,272.22281389970465,36.46023485285,0.2848455847878906,60.90332928172184,0.47580726001345186,12.326477712237171,0.0963006071268529,1.4096250331404716,10,128,0.9692825239643623,128,68,89,116,127,0.53125,0.6953125,0.90625,0.9921875,25,timm:vgg16.tv_in1k
features.6,act,5,128,1,False,,0,112.0,112.0,7168,285.75415437494553,36.85907514180003,0.2879615245453127,61.48039905879328,0.4803156176468225,12.524652177929415,0.09784884514007355,1.385697510180956,10,128,0.9683880347000059,128,69,90,116,127,0.5390625,0.703125,0.90625,0.9921875,50,timm:vgg16.tv_in1k
features.6,act,5,128,1,False,,0,112.0,112.0,13312,292.3521342860273,36.73924170669187,0.28702532583353024,61.52418863298058,0.4806577236951608,12.332515042858406,0.0963477737723313,1.3769838576506552,10,128,0.9688222230060497,128,69,90,116,127,0.5390625,0.703125,0.90625,0.9921875,100,timm:vgg16.tv_in1k
features.6,act,5,128,1,False,,0,112.0,112.0,32768,294.39486406719914,36.799725435913984,0.287497854968078,61.700385081823356,0.48203425845174497,12.37044615442884,0.09664411058147532,1.3659928927701366,10,128,0.9692483848021484,128,70,91,117,127,0.546875,0.7109375,0.9140625,0.9921875,250,timm:vgg16.tv_in1k
features.7,conv,6,128,1,False,128.0,0,112.0,112.0,1024,2546.1785844521323,24.27810995898182,0.18967273405454546,36.685732168477735,0.2866072825662323,11.041547189705756,0.08626208741957622,2.5974707548618206,10,128,0.9703976091582084,128,33,47,83,117,0.2578125,0.3671875,0.6484375,0.9140625,1,timm:vgg16.tv_in1k
features.7,conv,6,128,1,False,128.0,0,112.0,112.0,1024,2546.1785844521323,24.27810995898182,0.18967273405454546,36.685732168477735,0.2866072825662323,11.041547189705756,0.08626208741957622,2.5974707548618206,10,128,0.9703976091582084,128,33,47,83,117,0.2578125,0.3671875,0.6484375,0.9140625,2,timm:vgg16.tv_in1k
features.7,conv,6,128,1,False,128.0,0,112.0,112.0,1024,2546.1785844521323,24.27810995898182,0.18967273405454546,36.685732168477735,0.2866072825662323,11.041547189705756,0.08626208741957622,2.5974707548618206,10,128,0.9703976091582084,128,33,47,83,117,0.2578125,0.3671875,0.6484375,0.9140625,5,timm:vgg16.tv_in1k
features.7,conv,6,128,1,False,128.0,0,112.0,112.0,2048,2728.1011553798853,24.664137662906576,0.19268857549145763,37.281290147457,0.2912600792770078,10.938840520338667,0.08545969156514584,2.5201546623916724,10,128,0.974548396342738,128,34,48,85,119,0.265625,0.375,0.6640625,0.9296875,10,timm:vgg16.tv_in1k
features.7,conv,6,128,1,False,128.0,0,112.0,112.0,4096,2687.0401025701512,25.004483958885814,0.19534753092879542,37.63198532950614,0.29399988538676675,11.504622362581845,0.08987986220767066,2.494244643485927,10,128,0.9760799473476603,128,34,49,86,119,0.265625,0.3828125,0.671875,0.9296875,25,timm:vgg16.tv_in1k
features.7,conv,6,128,1,False,128.0,0,112.0,112.0,7168,2803.0300887302146,24.959267190176956,0.19499427492325747,37.66341351025521,0.29424541804886883,11.42965236347431,0.08929415908964304,2.4751561750372533,10,128,0.9762736635702295,128,34,49,87,119,0.265625,0.3828125,0.6796875,0.9296875,50,timm:vgg16.tv_in1k
features.7,conv,6,128,1,False,128.0,0,112.0,112.0,13312,2845.7331767338756,24.880903129316724,0.1943820556977869,37.781783551077574,0.29517018399279354,11.15510045429894,0.08714922229921047,2.4587563313080363,10,128,0.9759107196256672,128,35,49,87,120,0.2734375,0.3828125,0.6796875,0.9375,100,timm:vgg16.tv_in1k
features.7,conv,6,128,1,False,128.0,0,112.0,112.0,32768,2853.875055831636,24.834413232433345,0.1940188533783855,37.803828687316816,0.2953424116196626,11.205565499922855,0.0875434804681473,2.4495641490554605,10,128,0.9760963545989338,128,35,49,87,120,0.2734375,0.3828125,0.6796875,0.9375,250,timm:vgg16.tv_in1k
features.8,act,7,128,1,False,,0,112.0,112.0,1024,524.9580766634974,44.494874633283274,0.3476162080725256,68.96779242785546,0.5388108783426208,15.870319063782969,0.12398686768580444,1.375091323889456,10,128,0.9627544914831222,128,72,92,117,127,0.5625,0.71875,0.9140625,0.9921875,1,timm:vgg16.tv_in1k
features.8,act,7,128,1,False,,0,112.0,112.0,1024,524.9580766634974,44.494874633283274,0.3476162080725256,68.96779242785546,0.5388108783426208,15.870319063782969,0.12398686768580444,1.375091323889456,10,128,0.9627544914831222,128,72,92,117,127,0.5625,0.71875,0.9140625,0.9921875,2,timm:vgg16.tv_in1k
features.8,act,7,128,1,False,,0,112.0,112.0,1024,524.9580766634974,44.494874633283274,0.3476162080725256,68.96779242785546,0.5388108783426208,15.870319063782969,0.12398686768580444,1.375091323889456,10,128,0.9627544914831222,128,72,92,117,127,0.5625,0.71875,0.9140625,0.9921875,5,timm:vgg16.tv_in1k
features.8,act,7,128,1,False,,0,112.0,112.0,2048,550.5399807457237,47.4362420715522,0.37059564118400157,72.93172279721198,0.5697790843532186,16.860794111305974,0.13172495399457793,1.2525065195764145,10,128,0.9721388074234014,128,77,96,120,127,0.6015625,0.75,0.9375,0.9921875,10,timm:vgg16.tv_in1k
features.8,act,7,128,1,False,,0,112.0,112.0,4096,549.7750610631435,49.55117762531529,0.3871185751977757,75.42973841928487,0.5892948314006631,17.568628441648986,0.1372549097003827,1.1903020510389881,10,128,0.9749422411638117,128,79,98,120,127,0.6171875,0.765625,0.9375,0.9921875,25,timm:vgg16.tv_in1k
features.8,act,7,128,1,False,,0,112.0,112.0,7168,581.937872033348,50.08382075870654,0.3912798496773948,76.05450027776897,0.59417578342007,17.326568126091367,0.1353638134850888,1.1760188876514288,10,128,0.9779088980252505,128,80,99,121,127,0.625,0.7734375,0.9453125,0.9921875,50,timm:vgg16.tv_in1k
features.8,act,7,128,1,False,,0,112.0,112.0,13312,593.5131767542441,50.43100544817511,0.393992230063868,76.52084197911566,0.5978190779618411,17.56474146967538,0.1372245427318389,1.1597674515395322,10,128,0.9799835210957137,128,81,100,121,127,0.6328125,0.78125,0.9453125,0.9921875,100,timm:vgg16.tv_in1k
features.8,act,7,128,1,False,,0,112.0,112.0,32768,607.9261324770309,50.56145025711019,0.39501133013367334,76.69500243415709,0.5991797065168523,17.50088448382393,0.13672566002987446,1.151324125264786,10,128,0.9813137307779983,128,81,100,121,127,0.6328125,0.78125,0.9453125,0.9921875,250,timm:vgg16.tv_in1k
features.10,conv,8,256,1,False,256.0,0,56.0,56.0,1024,11315.660872204911,22.781573599742178,0.08899052187399288,44.426662905568996,0.1735416519748789,7.072838636341838,0.027628275923210304,2.6384238389364656,10,256,0.9505240671889563,256,46,69,131,212,0.1796875,0.26953125,0.51171875,0.828125,1,timm:vgg16.tv_in1k
features.10,conv,8,256,1,False,256.0,0,56.0,56.0,1024,11315.660872204911,22.781573599742178,0.08899052187399288,44.426662905568996,0.1735416519748789,7.072838636341838,0.027628275923210304,2.6384238389364656,10,256,0.9505240671889563,256,46,69,131,212,0.1796875,0.26953125,0.51171875,0.828125,2,timm:vgg16.tv_in1k
features.10,conv,8,256,1,False,256.0,0,56.0,56.0,2048,12122.447662467172,23.603078702438783,0.0921995261814015,45.830280893662064,0.17902453474086744,7.49584495580017,0.029280644358594413,2.5266358019014175,10,256,0.9555606884567186,256,48,71,137,218,0.1875,0.27734375,0.53515625,0.8515625,5,timm:vgg16.tv_in1k
features.10,conv,8,256,1,False,256.0,0,56.0,56.0,3072,11953.71857878181,24.425263255149336,0.09541118459042709,46.7854167308891,0.18275553410503553,7.930329053891131,0.03097784786676223,2.490019871408972,10,256,0.9572995323857523,256,49,73,140,221,0.19140625,0.28515625,0.546875,0.86328125,10,timm:vgg16.tv_in1k
features.10,conv,8,256,1,False,256.0,0,56.0,56.0,7168,12752.183513109672,24.33520707114364,0.09505940262165484,47.26382810300198,0.18462432852735147,7.666831994113474,0.02994856247700576,2.453397796819266,10,256,0.9589084903538588,256,49,74,143,223,0.19140625,0.2890625,0.55859375,0.87109375,25,timm:vgg16.tv_in1k
features.10,conv,8,256,1,False,256.0,0,56.0,56.0,13312,13185.537155619591,24.10297161747698,0.09415223288076946,47.09212748469784,0.18395362298710094,7.5875447915823955,0.029638846842118732,2.439897124537783,10,256,0.9595943428838806,256,49,74,143,224,0.19140625,0.2890625,0.55859375,0.875,50,timm:vgg16.tv_in1k
features.10,conv,8,256,1,False,256.0,0,56.0,56.0,25600,13349.483164730973,24.034346547998066,0.09388416620311744,47.19312632165956,0.18434814969398267,7.464428872283855,0.029157925282358808,2.432950226305346,10,256,0.9601635439065852,256,49,75,144,224,0.19140625,0.29296875,0.5625,0.875,100,timm:vgg16.tv_in1k
features.10,conv,8,256,1,False,256.0,0,56.0,56.0,64512,13206.257802718099,23.9431897330886,0.09352808489487735,47.146035969237346,0.18416420300483338,7.403985438944503,0.028921818120876963,2.430575301241727,10,256,0.9604895001927182,256,49,75,144,224,0.19140625,0.29296875,0.5625,0.875,250,timm:vgg16.tv_in1k
features.11,act,9,256,1,False,,0,56.0,56.0,1024,2164.285751089206,56.56480177781981,0.22095625694460863,105.81149122583763,0.41332613760092823,14.359654084866461,0.056092398769009615,1.453283525232221,10,256,0.9447820524636367,256,120,161,223,251,0.46875,0.62890625,0.87109375,0.98046875,1,timm:vgg16.tv_in1k
features.11,act,9,256,1,False,,0,56.0,56.0,1024,2164.285751089206,56.56480177781981,0.22095625694460863,105.81149122583763,0.41332613760092823,14.359654084866461,0.056092398769009615,1.453283525232221,10,256,0.9447820524636367,256,120,161,223,251,0.46875,0.62890625,0.87109375,0.98046875,2,timm:vgg16.tv_in1k
features.11,act,9,256,1,False,,0,56.0,56.0,2048,2308.5906018857468,60.082602851827026,0.23469766738994932,113.78244648859936,0.44446268159609126,14.742073114400954,0.05758622310312873,1.290904584783976,10,256,0.9669666102466329,256,133,176,232,253,0.51953125,0.6875,0.90625,0.98828125,5,timm:vgg16.tv_in1k
features.11,act,9,256,1,False,,0,56.0,56.0,3072,2286.199079810379,60.960731428915004,0.23812785714419923,116.23532258068279,0.45404422883079215,15.030913819161688,0.05871450710610034,1.2303112268516836,10,256,0.9742999838830851,256,139,181,235,253,0.54296875,0.70703125,0.91796875,0.98828125,10,timm:vgg16.tv_in1k
features.11,act,9,256,1,False,,0,56.0,56.0,7168,2387.8455889260144,62.99073614499444,0.24605756306638454,120.06909594724361,0.46901990604392035,15.503417127335425,0.060560223153654,1.1661454173428019,10,256,0.9786631776343544,256,145,188,237,254,0.56640625,0.734375,0.92578125,0.9921875,25,timm:vgg16.tv_in1k
features.11,act,9,256,1,False,,0,56.0,56.0,13312,2405.145529488154,62.83805479597211,0.24546115154676607,120.61780635600863,0.4711633060781587,15.41947645822835,0.060232329914954495,1.1420961156009342,10,256,0.9808671620144412,256,148,190,238,254,0.578125,0.7421875,0.9296875,0.9921875,50,timm:vgg16.tv_in1k
features.11,act,9,256,1,False,,0,56.0,56.0,25600,2444.2310808324496,63.18367040692554,0.2468112125270529,121.23677521037669,0.47358115316553395,15.39903849883905,0.060152494136090036,1.132656564385914,10,256,0.9815704424675115,256,149,191,238,254,0.58203125,0.74609375,0.9296875,0.9921875,100,timm:vgg16.tv_in1k
features.11,act,9,256,1,False,,0,56.0,56.0,64512,2415.0949896709276,62.75266412609422,0.24512759424255554,121.26285155436727,0.47368301388424716,15.117694329780683,0.05905349347570579,1.122846272938608,10,256,0.983092655320181,256,149,191,238,254,0.58203125,0.74609375,0.9296875,0.9921875,250,timm:vgg16.tv_in1k
features.12,conv,10,256,1,False,256.0,0,56.0,56.0,1024,16300.757526118035,22.64595670005493,0.08846076835958958,50.750259029850646,0.1982431993353541,6.244312987088465,0.024391847605814317,2.2888472325555647,10,256,0.9544209482029571,256,57,85,158,231,0.22265625,0.33203125,0.6171875,0.90234375,1,timm:vgg16.tv_in1k
features.12,conv,10,256,1,False,256.0,0,56.0,56.0,1024,16300.757526118035,22.64595670005493,0.08846076835958958,50.750259029850646,0.1982431993353541,6.244312987088465,0.024391847605814317,2.2888472325555647,10,256,0.9544209482029571,256,57,85,158,231,0.22265625,0.33203125,0.6171875,0.90234375,2,timm:vgg16.tv_in1k
features.12,conv,10,256,1,False,256.0,0,56.0,56.0,2048,17490.567710481475,23.498103511791907,0.09178946684293714,53.24380285953737,0.20798360492006784,6.362059444778773,0.024851794706167083,2.1748722026409886,10,256,0.961993601234044,256,60,90,167,237,0.234375,0.3515625,0.65234375,0.92578125,5,timm:vgg16.tv_in1k
features.12,conv,10,256,1,False,256.0,0,56.0,56.0,3072,17398.849862926578,24.49337300900927,0.09567723831644247,54.71870674429342,0.21374494821989617,6.616681241823951,0.025846411100874808,2.135554705707657,10,256,0.9641933390800483,256,62,92,170,238,0.2421875,0.359375,0.6640625,0.9296875,10,timm:vgg16.tv_in1k
features.12,conv,10,256,1,False,256.0,0,56.0,56.0,7168,18693.30810354196,23.837304176304315,0.09311446943868873,54.61658460845653,0.2133460336267833,6.411737927208748,0.02504585127815917,2.097241535247516,10,256,0.9669360399484177,256,62,93,173,240,0.2421875,0.36328125,0.67578125,0.9375,25,timm:vgg16.tv_in1k
features.12,conv,10,256,1,False,256.0,0,56.0,56.0,13312,18901.39326166483,23.880732480917985,0.09328411125358588,54.91033671712792,0.21449350280128093,6.403865113957269,0.025015098101395582,2.081486600069574,10,256,0.9679973666921415,256,63,94,175,241,0.24609375,0.3671875,0.68359375,0.94140625,50,timm:vgg16.tv_in1k
features.12,conv,10,256,1,False,256.0,0,56.0,56.0,25600,19018.150218734074,24.148136683538393,0.09432865892007185,55.34708052204478,0.2161995332892374,6.4524180323590965,0.02520475793890272,2.0721963440461484,10,256,0.968766946899295,256,63,95,176,241,0.24609375,0.37109375,0.6875,0.94140625,100,timm:vgg16.tv_in1k
features.12,conv,10,256,1,False,256.0,0,56.0,56.0,64512,18798.85916685849,23.965973258302785,0.09361708304024526,55.20325132846993,0.21563770050183567,6.407937486160205,0.0250310058053133,2.0668395651777143,10,256,0.9692343029223333,256,63,95,176,241,0.24609375,0.37109375,0.6875,0.94140625,250,timm:vgg16.tv_in1k
features.13,act,11,256,1,False,,0,56.0,56.0,1024,2508.7855547982335,72.78677919132211,0.284323356216102,126.35610779959082,0.4935785460921516,18.08843208125149,0.07065793781738863,1.2881263793903546,10,256,0.9452678090757097,256,138,177,231,253,0.5390625,0.69140625,0.90234375,0.98828125,1,timm:vgg16.tv_in1k
features.13,act,11,256,1,False,,0,56.0,56.0,1024,2508.7855547982335,72.78677919132211,0.284323356216102,126.35610779959082,0.4935785460921516,18.08843208125149,0.07065793781738863,1.2881263793903546,10,256,0.9452678090757097,256,138,177,231,253,0.5390625,0.69140625,0.90234375,0.98828125,2,timm:vgg16.tv_in1k
features.13,act,11,256,1,False,,0,56.0,56.0,2048,2812.801353870851,75.43287404830345,0.29465966425118534,134.06227768360034,0.5236807722015638,17.328177292375265,0.06768819254834088,1.1365085091032077,10,256,0.9675591498328663,256,151,190,238,254,0.58984375,0.7421875,0.9296875,0.9921875,5,timm:vgg16.tv_in1k
features.13,act,11,256,1,False,,0,56.0,56.0,3072,2822.4463553904075,77.58302916320345,0.30305870766876347,137.62733990076381,0.5376067964873587,17.78360739919641,0.06946721640311097,1.0800851357599708,10,256,0.9771517571595534,256,156,196,241,255,0.609375,0.765625,0.94140625,0.99609375,10,timm:vgg16.tv_in1k
features.13,act,11,256,1,False,,0,56.0,56.0,7168,2966.7625312050477,80.45869482670938,0.3142917766668335,141.78074061195204,0.5538310180154377,18.323413781037882,0.07157583508217923,1.021261838894441,10,256,0.9866985460469968,256,163,201,243,255,0.63671875,0.78515625,0.94921875,0.99609375,25,timm:vgg16.tv_in1k
features.13,act,11,256,1,False,,0,56.0,56.0,13312,3069.1501574929066,80.30755475077532,0.3137013857452161,142.27649969913804,0.555767576949758,18.256045244380847,0.07131267673586268,1.0017075086648317,10,256,0.9890839376855317,256,165,203,243,255,0.64453125,0.79296875,0.94921875,0.99609375,50,timm:vgg16.tv_in1k
features.13,act,11,256,1,False,,0,56.0,56.0,25600,3133.881125628991,80.48327643471352,0.3143877985730997,142.69924487655393,0.5574189252990388,18.26942299768957,0.07136493358472489,0.9924511655075036,10,256,0.9900308872238726,256,166,204,243,255,0.6484375,0.796875,0.94921875,0.99609375,100,timm:vgg16.tv_in1k
features.13,act,11,256,1,False,,0,56.0,56.0,64512,3099.2448262357675,80.51344838555218,0.3145056577560632,143.13633417139548,0.5591263053570136,18.19697302348527,0.07108192587298934,0.982489977806941,10,256,0.9912808438187707,256,167,205,244,255,0.65234375,0.80078125,0.953125,0.99609375,250,timm:vgg16.tv_in1k
features.14,conv,12,256,1,False,256.0,0,56.0,56.0,1024,20189.715038489732,30.31337700159829,0.11841162891249332,61.30324840290356,0.23946581407384204,8.193081275830622,0.032004223733713366,2.1446411149695574,10,256,0.9514916601363773,256,66,98,173,237,0.2578125,0.3828125,0.67578125,0.92578125,1,timm:vgg16.tv_in1k
features.14,conv,12,256,1,False,256.0,0,56.0,56.0,1024,20189.715038489732,30.31337700159829,0.11841162891249332,61.30324840290356,0.23946581407384204,8.193081275830622,0.032004223733713366,2.1446411149695574,10,256,0.9514916601363773,256,66,98,173,237,0.2578125,0.3828125,0.67578125,0.92578125,2,timm:vgg16.tv_in1k
features.14,conv,12,256,1,False,256.0,0,56.0,56.0,2048,21874.025523024182,29.81912121240805,0.11648094223596894,63.20509007999038,0.2468948831249624,7.750500961917446,0.030275394382490023,2.0299061696906553,10,256,0.9586787704515148,256,70,104,182,242,0.2734375,0.40625,0.7109375,0.9453125,5,timm:vgg16.tv_in1k
features.14,conv,12,256,1,False,256.0,0,56.0,56.0,3072,21424.75592397271,31.147401978452717,0.12166953897833092,65.02882161298353,0.25401883442571693,8.078841711999365,0.03155797543749752,1.9938439954850093,10,256,0.9611308317631042,256,72,106,185,243,0.28125,0.4140625,0.72265625,0.94921875,10,timm:vgg16.tv_in1k
features.14,conv,12,256,1,False,256.0,0,56.0,56.0,7168,22455.235165807997,31.090271613609854,0.12144637349066349,65.7590504884122,0.25687129097036016,7.999329392833655,0.031247380440756464,1.9495073282859994,10,256,0.9645700270877908,256,73,108,189,245,0.28515625,0.421875,0.73828125,0.95703125,25,timm:vgg16.tv_in1k
features.14,conv,12,256,1,False,256.0,0,56.0,56.0,13312,23034.90032933163,30.398830559597275,0.11874543187342686,65.47710449360224,0.25576993942813375,7.767445439133824,0.0303415837466165,1.9346475933797325,10,256,0.965620378945704,256,74,109,190,245,0.2890625,0.42578125,0.7421875,0.95703125,50,timm:vgg16.tv_in1k
features.14,conv,12,256,1,False,256.0,0,56.0,56.0,25600,23187.943837418974,30.486127537844283,0.11908643569470423,65.70281888458568,0.2566516362679128,7.773076145429213,0.030363578693082864,1.9266869954821162,10,256,0.9663827171249882,256,74,110,191,245,0.2890625,0.4296875,0.74609375,0.95703125,100,timm:vgg16.tv_in1k
features.14,conv,12,256,1,False,256.0,0,56.0,56.0,64512,23095.20380053144,30.056947974361925,0.11740995302485127,65.42572627268522,0.25556924325267666,7.650027459311526,0.02988291976293565,1.9206904469354351,10,256,0.9667660475712644,256,74,110,191,245,0.2890625,0.4296875,0.74609375,0.95703125,250,timm:vgg16.tv_in1k
features.15,act,13,256,1,False,,0,56.0,56.0,1024,2660.4029382312287,83.30261485809227,0.3254008392894229,135.40923043166816,0.5289423063737038,21.406992522766178,0.08362106454205538,1.279028492628658,10,256,0.9336348585287195,256,141,179,232,253,0.55078125,0.69921875,0.90625,0.98828125,1,timm:vgg16.tv_in1k
features.15,act,13,256,1,False,,0,56.0,56.0,1024,2660.4029382312287,83.30261485809227,0.3254008392894229,135.40923043166816,0.5289423063737038,21.406992522766178,0.08362106454205538,1.279028492628658,10,256,0.9336348585287195,256,141,179,232,253,0.55078125,0.69921875,0.90625,0.98828125,2,timm:vgg16.tv_in1k
features.15,act,13,256,1,False,,0,56.0,56.0,2048,2856.2455106542952,93.34388903064283,0.36462456652594855,149.61933988445455,0.5844505464236506,22.770848313378508,0.0889486262241348,1.0911089826508462,10,256,0.959851056083657,256,158,196,240,255,0.6171875,0.765625,0.9375,0.99609375,5,timm:vgg16.tv_in1k
features.15,act,13,256,1,False,,0,56.0,56.0,3072,2831.007226677944,97.20039126814481,0.3796890283911907,154.8312807324092,0.6048096903609734,23.428704778074025,0.09151837803935166,1.024070823868206,10,256,0.9696029743846624,256,164,201,242,255,0.640625,0.78515625,0.9453125,0.99609375,10,timm:vgg16.tv_in1k
features.15,act,13,256,1,False,,0,56.0,56.0,7168,2931.9511000958673,101.97060211583563,0.39832266451498294,161.26409206287556,0.6299378596206077,24.195841700906655,0.09451500664416662,0.9407288567346834,10,256,0.9814845369977795,256,173,208,245,255,0.67578125,0.8125,0.95703125,0.99609375,25,timm:vgg16.tv_in1k
features.15,act,13,256,1,False,,0,56.0,56.0,13312,3012.7395055714037,103.55241876847788,0.4045016358143667,163.41035479932103,0.6383216984348478,24.40796086055091,0.095343597111527,0.9129131676555057,10,256,0.9851479115826368,256,176,210,246,255,0.6875,0.8203125,0.9609375,0.99609375,50,timm:vgg16.tv_in1k
features.15,act,13,256,1,False,,0,56.0,56.0,25600,3066.8449929575563,103.80716254552681,0.4054967286934641,164.0348156863386,0.6407609987747601,24.335439917057727,0.09506031217600674,0.9010859164643287,10,256,0.9876270961643966,256,177,211,246,255,0.69140625,0.82421875,0.9609375,0.99609375,100,timm:vgg16.tv_in1k
features.15,act,13,256,1,False,,0,56.0,56.0,64512,3031.51836528444,104.36456796989378,0.4076740936323976,164.78509218333895,0.6436917663411678,24.51277855148936,0.09575304121675532,0.891622564504495,10,256,0.988457421520549,256,178,212,246,255,0.6953125,0.828125,0.9609375,0.99609375,250,timm:vgg16.tv_in1k
features.17,conv,14,512,1,False,512.0,0,28.0,28.0,1024,63991.548646749754,19.508666897476463,0.038102865034133716,61.740106621498214,0.1205861457451137,5.0956276564585306,0.009952397766520567,2.516095895459039,10,512,0.9223006904073989,512,82,125,245,403,0.16015625,0.244140625,0.478515625,0.787109375,1,timm:vgg16.tv_in1k
features.17,conv,14,512,1,False,512.0,0,28.0,28.0,1024,63991.548646749754,19.508666897476463,0.038102865034133716,61.740106621498214,0.1205861457451137,5.0956276564585306,0.009952397766520567,2.516095895459039,10,512,0.9223006904073989,512,82,125,245,403,0.16015625,0.244140625,0.478515625,0.787109375,2,timm:vgg16.tv_in1k
features.17,conv,14,512,1,False,512.0,0,28.0,28.0,3072,66427.1296605428,20.62702190917311,0.04028715216635373,67.38872628624578,0.1316186060278238,5.246395262914668,0.010246865747880212,2.222169519612247,10,512,0.9463887785356815,512,91,141,283,444,0.177734375,0.275390625,0.552734375,0.8671875,5,timm:vgg16.tv_in1k
features.17,conv,14,512,1,False,512.0,0,28.0,28.0,5120,68513.76661941655,21.37051084679542,0.0417392789976473,69.21599580538006,0.13518749180738293,5.373362692096938,0.010494849008001832,2.169797408423804,10,512,0.9502519491359609,512,93,145,291,451,0.181640625,0.283203125,0.568359375,0.880859375,10,timm:vgg16.tv_in1k
features.17,conv,14,512,1,False,512.0,0,28.0,28.0,13312,71834.55720409019,20.83070248221529,0.04068496578557674,69.21087890005705,0.13517749785167393,5.264972081668645,0.010283148597009073,2.1255298981057287,10,512,0.9531580811964412,512,94,148,298,456,0.18359375,0.2890625,0.58203125,0.890625,25,timm:vgg16.tv_in1k
features.17,conv,14,512,1,False,512.0,0,28.0,28.0,25600,72997.66151987758,21.14755393215214,0.041303816273734646,69.90165934466162,0.13652667840754223,5.315115143129995,0.01038108426392577,2.1139301285284438,10,512,0.9542874236898996,512,95,149,300,458,0.185546875,0.291015625,0.5859375,0.89453125,50,timm:vgg16.tv_in1k
features.17,conv,14,512,1,False,512.0,0,28.0,28.0,51200,71934.04053083523,20.696776970631515,0.04042339252076468,69.3222364910536,0.13539499314658907,5.235387371125797,0.010225365959230072,2.1064527248066494,10,512,0.9547725260714198,512,95,150,301,458,0.185546875,0.29296875,0.587890625,0.89453125,100,timm:vgg16.tv_in1k
features.17,conv,14,512,1,False,512.0,0,28.0,28.0,128000,71547.17332655343,20.802599466414776,0.04063007708284136,69.62332582687634,0.13598305825561785,5.2511924158394105,0.010256235187186349,2.1020379104165965,10,512,0.9549456916732542,512,95,150,302,459,0.185546875,0.29296875,0.58984375,0.896484375,250,timm:vgg16.tv_in1k
features.18,act,15,512,1,False,,0,28.0,28.0,1024,6387.400938211183,111.64434096388798,0.21805535344509372,206.80064252117202,0.4039075049241641,25.088795655226786,0.049001554014114816,1.5151193932783789,10,512,0.8809342130095459,512,225,298,419,494,0.439453125,0.58203125,0.818359375,0.96484375,1,timm:vgg16.tv_in1k
features.18,act,15,512,1,False,,0,28.0,28.0,1024,6387.400938211183,111.64434096388798,0.21805535344509372,206.80064252117202,0.4039075049241641,25.088795655226786,0.049001554014114816,1.5151193932783789,10,512,0.8809342130095459,512,225,298,419,494,0.439453125,0.58203125,0.818359375,0.96484375,2,timm:vgg16.tv_in1k
features.18,act,15,512,1,False,,0,28.0,28.0,3072,6855.423210067483,125.15551866134838,0.24444437238544606,247.49637967285872,0.4833913665485522,23.4962220636978,0.045891058718159766,1.1069031854449038,10,512,0.9508446330558102,512,291,370,471,507,0.568359375,0.72265625,0.919921875,0.990234375,5,timm:vgg16.tv_in1k
features.18,act,15,512,1,False,,0,28.0,28.0,5120,6995.004205735632,134.71658219193193,0.26311832459361706,261.8094303319575,0.5113465436171045,25.58884929193384,0.04997822127330828,1.025240320059488,10,512,0.9635151913322679,512,309,387,478,508,0.603515625,0.755859375,0.93359375,0.9921875,10,timm:vgg16.tv_in1k
features.18,act,15,512,1,False,,0,28.0,28.0,13312,7342.56431844211,139.62252895165187,0.27270025185869506,272.8990985821549,0.5330060519182713,25.60812282702568,0.050015864896534534,0.9489801628193907,10,512,0.9728438054168256,512,327,402,483,508,0.638671875,0.78515625,0.943359375,0.9921875,25,timm:vgg16.tv_in1k
features.18,act,15,512,1,False,,0,28.0,28.0,25600,7439.882823805071,140.92590898715582,0.2752459159905387,275.80275515610157,0.5386772561642609,25.771002075688198,0.05033398842907851,0.9268761359902036,10,512,0.9747418039814024,512,333,406,484,508,0.650390625,0.79296875,0.9453125,0.9921875,50,timm:vgg16.tv_in1k
features.18,act,15,512,1,False,,0,28.0,28.0,51200,7394.0116942682525,141.3976586278587,0.27616730200753653,277.33202494594343,0.5416641112225458,25.704726936901068,0.0502045447986349,0.9141775181354699,10,512,0.9758788088687366,512,336,409,485,508,0.65625,0.798828125,0.947265625,0.9921875,100,timm:vgg16.tv_in1k
features.18,act,15,512,1,False,,0,28.0,28.0,128000,7324.0215384097455,142.7068403967709,0.27872429764994316,279.1317174910307,0.5451791357246694,26.06954965889718,0.050917089177533556,0.9039203945315513,10,512,0.9769476013859457,512,338,411,486,508,0.66015625,0.802734375,0.94921875,0.9921875,250,timm:vgg16.tv_in1k
features.19,conv,16,512,1,False,512.0,0,28.0,28.0,1024,45468.348610856556,18.541910890124864,0.036214669707275125,65.91092543167572,0.12873227623374164,4.871100399421201,0.009513867967619534,2.19126999567209,10,512,0.9250347443646345,512,97,152,292,441,0.189453125,0.296875,0.5703125,0.861328125,1,timm:vgg16.tv_in1k
features.19,conv,16,512,1,False,512.0,0,28.0,28.0,1024,45468.348610856556,18.541910890124864,0.036214669707275125,65.91092543167572,0.12873227623374164,4.871100399421201,0.009513867967619534,2.19126999567209,10,512,0.9250347443646345,512,97,152,292,441,0.189453125,0.296875,0.5703125,0.861328125,2,timm:vgg16.tv_in1k
features.19,conv,16,512,1,False,512.0,0,28.0,28.0,3072,48795.73132771407,18.468725057163432,0.03607172862727233,70.74961502620694,0.13818284184806043,4.816002253102186,0.009406254400590208,1.880621165033426,10,512,0.9570818333234306,512,110,178,341,476,0.21484375,0.34765625,0.666015625,0.9296875,5,timm:vgg16.tv_in1k
features.19,conv,16,512,1,False,512.0,0,28.0,28.0,5120,49683.24446111869,19.576184091863187,0.03823473455442029,74.21309555486377,0.1449474522555933,4.993613248741264,0.009753150876447781,1.8228575476704483,10,512,0.9620222556024678,512,115,186,354,481,0.224609375,0.36328125,0.69140625,0.939453125,10,timm:vgg16.tv_in1k
features.19,conv,16,512,1,False,512.0,0,28.0,28.0,13312,51750.38754028976,18.94948733285409,0.037010717446980645,74.37908651848169,0.14527165335640954,4.869769416528333,0.009511268391656901,1.7745758953806179,10,512,0.9665982194176301,512,118,192,363,485,0.23046875,0.375,0.708984375,0.947265625,25,timm:vgg16.tv_in1k
features.19,conv,16,512,1,False,512.0,0,28.0,28.0,25600,53222.1713606546,18.574666945862358,0.03627864637863742,73.72853595761656,0.14400104679221984,4.809096918693416,0.009392767419323078,1.7618501436384841,10,512,0.9678124025815157,512,119,193,365,486,0.232421875,0.376953125,0.712890625,0.94921875,50,timm:vgg16.tv_in1k
features.19,conv,16,512,1,False,512.0,0,28.0,28.0,51200,52851.65849603202,18.608250161992085,0.03634423859764079,73.980685493013,0.144493526353541,4.8132082675084655,0.009400797397477472,1.7547525990103126,10,512,0.9684663711931658,512,119,194,366,487,0.232421875,0.37890625,0.71484375,0.951171875,100,timm:vgg16.tv_in1k
features.19,conv,16,512,1,False,512.0,0,28.0,28.0,128000,52328.96302444657,18.73322600303058,0.0365883320371691,74.41565935112101,0.14534308467015822,4.83198817782234,0.009437476909809258,1.7494350266249687,10,512,0.96892372153489,512,120,195,368,487,0.234375,0.380859375,0.71875,0.951171875,250,timm:vgg16.tv_in1k
features.20,act,17,512,1,False,,0,28.0,28.0,1024,3780.201621614011,124.48075752957922,0.24312647954995942,227.19791826365895,0.4437459341087089,24.599756693578943,0.04804639979214637,1.441862711639977,10,512,0.8628113775194821,512,241,312,427,496,0.470703125,0.609375,0.833984375,0.96875,1,timm:vgg16.tv_in1k
features.20,act,17,512,1,False,,0,28.0,28.0,1024,3780.201621614011,124.48075752957922,0.24312647954995942,227.19791826365895,0.4437459341087089,24.599756693578943,0.04804639979214637,1.441862711639977,10,512,0.8628113775194821,512,241,312,427,496,0.470703125,0.609375,0.833984375,0.96875,2,timm:vgg16.tv_in1k
features.20,act,17,512,1,False,,0,28.0,28.0,3072,4223.535730263503,144.99517468307965,0.28319370055288995,274.71189897632564,0.536546677688136,26.174490425826782,0.051122051612942934,1.0198236952890043,10,512,0.9423408139980664,512,311,385,476,508,0.607421875,0.751953125,0.9296875,0.9921875,5,timm:vgg16.tv_in1k
features.20,act,17,512,1,False,,0,28.0,28.0,5120,4417.931311936826,152.86953392596573,0.2985733084491518,288.7359704206829,0.5639374422278963,26.36734686202401,0.051498724339890646,0.9340949466122493,10,512,0.9587909902133953,512,330,402,483,509,0.64453125,0.78515625,0.943359375,0.994140625,10,timm:vgg16.tv_in1k
features.20,act,17,512,1,False,,0,28.0,28.0,13312,4515.482903055053,161.9885998408381,0.3163839840641369,304.01445678953394,0.5937782359170585,27.043022715003023,0.05281840374024028,0.8479145210235226,10,512,0.9732030804670236,512,349,417,488,509,0.681640625,0.814453125,0.953125,0.994140625,25,timm:vgg16.tv_in1k
features.20,act,17,512,1,False,,0,28.0,28.0,25600,4571.74342559858,163.43068279132723,0.319200552326811,307.2921058369217,0.6001798942127377,27.236697634687793,0.053196675067749596,0.8215659206816336,10,512,0.9779879526390705,512,356,422,489,509,0.6953125,0.82421875,0.955078125,0.994140625,50,timm:vgg16.tv_in1k
features.20,act,17,512,1,False,,0,28.0,28.0,51200,4506.506717755436,164.5286302326464,0.3213449809231375,309.464509799284,0.6044228707017265,27.286632751189135,0.05329420459216628,0.8064753759683184,10,512,0.9795156918785787,512,359,424,490,509,0.701171875,0.828125,0.95703125,0.994140625,100,timm:vgg16.tv_in1k
features.20,act,17,512,1,False,,0,28.0,28.0,128000,4483.889020671916,164.8086502045847,0.3218918949308295,310.7354719139502,0.606905218581934,27.16287878393337,0.05305249762486986,0.7955295716720745,10,512,0.9812951635848391,512,362,426,491,510,0.70703125,0.83203125,0.958984375,0.99609375,250,timm:vgg16.tv_in1k
features.21,conv,18,512,1,False,512.0,0,28.0,28.0,1024,25628.420093704175,16.284848057024107,0.03180634386137521,66.01955418335032,0.1289444417643561,4.428947719760966,0.008650288515158137,2.0774526616763525,10,512,0.9177576114170386,512,108,168,311,451,0.2109375,0.328125,0.607421875,0.880859375,1,timm:vgg16.tv_in1k
features.21,conv,18,512,1,False,512.0,0,28.0,28.0,1024,25628.420093704175,16.284848057024107,0.03180634386137521,66.01955418335032,0.1289444417643561,4.428947719760966,0.008650288515158137,2.0774526616763525,10,512,0.9177576114170386,512,108,168,311,451,0.2109375,0.328125,0.607421875,0.880859375,2,timm:vgg16.tv_in1k
features.21,conv,18,512,1,False,512.0,0,28.0,28.0,3072,28805.909008709834,13.695861161460149,0.026749728830976854,66.01881857744924,0.12894300503408054,3.9450003051136955,0.0077050787209251865,1.7641379831333874,10,512,0.9515346258347417,512,124,197,360,482,0.2421875,0.384765625,0.703125,0.94140625,5,timm:vgg16.tv_in1k
features.21,conv,18,512,1,False,512.0,0,28.0,28.0,5120,30340.881081219606,12.98207901656636,0.02535562307923117,64.85420143343201,0.1266683621746719,3.8190213376313435,0.007459026050061218,1.7117672494095348,10,512,0.9576517599263676,512,126,202,369,486,0.24609375,0.39453125,0.720703125,0.94921875,10,timm:vgg16.tv_in1k
features.21,conv,18,512,1,False,512.0,0,28.0,28.0,13312,30431.399494653633,14.045073203484113,0.02743178360055491,69.39498387392509,0.13553707787875993,3.9915620574271755,0.007796019643412452,1.6574297649034229,10,512,0.9626356771282668,512,133,212,381,490,0.259765625,0.4140625,0.744140625,0.95703125,25,timm:vgg16.tv_in1k
features.21,conv,18,512,1,False,512.0,0,28.0,28.0,25600,31241.10920779112,13.414439086089171,0.026200076340017912,67.89848153697747,0.13261422175190912,3.8837855908443024,0.007585518732117778,1.6422002352927343,10,512,0.9640086474806816,512,133,214,383,491,0.259765625,0.41796875,0.748046875,0.958984375,50,timm:vgg16.tv_in1k
features.21,conv,18,512,1,False,512.0,0,28.0,28.0,51200,31132.83928132555,13.319973976780174,0.026015574173398778,67.87269574594558,0.13256385887879996,3.866178503696951,0.007551129890033107,1.6344543999960244,10,512,0.9646970449569835,512,134,215,385,491,0.26171875,0.419921875,0.751953125,0.958984375,100,timm:vgg16.tv_in1k
features.21,conv,18,512,1,False,512.0,0,28.0,28.0,128000,30834.725212424215,13.675919059027732,0.02671077941216354,69.03722534698706,0.1348383307558341,3.9261932142290337,0.007668346121541081,1.628291911283618,10,512,0.9652833919117663,512,135,216,386,492,0.263671875,0.421875,0.75390625,0.9609375,250,timm:vgg16.tv_in1k
features.22,act,19,512,1,False,,0,28.0,28.0,1024,1524.7364596817147,129.6300207607574,0.2531836342983543,227.24693593964875,0.44384167175712647,28.889407893515934,0.05642462479202331,1.4879168332366999,10,512,0.8541927128935312,512,237,306,421,494,0.462890625,0.59765625,0.822265625,0.96484375,1,timm:vgg16.tv_in1k
features.22,act,19,512,1,False,,0,28.0,28.0,1024,1524.7364596817147,129.6300207607574,0.2531836342983543,227.24693593964875,0.44384167175712647,28.889407893515934,0.05642462479202331,1.4879168332366999,10,512,0.8541927128935312,512,237,306,421,494,0.462890625,0.59765625,0.822265625,0.96484375,2,timm:vgg16.tv_in1k
features.22,act,19,512,1,False,,0,28.0,28.0,3072,1529.8265383542584,182.03449187006714,0.3555361169337249,307.64427631855847,0.6008677271846845,31.497292952316624,0.061518150297493406,0.9714819721908212,10,512,0.9277497617537556,512,323,394,479,508,0.630859375,0.76953125,0.935546875,0.9921875,5,timm:vgg16.tv_in1k
features.22,act,19,512,1,False,,0,28.0,28.0,5120,1589.094019716247,191.2174244907787,0.37347153220855217,323.5026142793891,0.6318410435144318,31.573652572582912,0.061667290180826,0.8728222608368252,10,512,0.9498955574241111,512,344,412,487,509,0.671875,0.8046875,0.951171875,0.994140625,10,timm:vgg16.tv_in1k
features.22,act,19,512,1,False,,0,28.0,28.0,13312,1644.5812348316367,205.7573559188993,0.4018698357791002,343.09333411755705,0.6701041681983536,32.83768937118633,0.0641361120530983,0.7673524392506296,10,512,0.9715421549750254,512,367,430,492,510,0.716796875,0.83984375,0.9609375,0.99609375,25,timm:vgg16.tv_in1k
features.22,act,19,512,1,False,,0,28.0,28.0,25600,1681.8440770941784,209.44840932022103,0.4090789244535567,348.51770288783587,0.6806986384528044,33.23931553269103,0.06492053814978717,0.7330122639549034,10,512,0.9797066027642582,512,374,435,494,510,0.73046875,0.849609375,0.96484375,0.99609375,50,timm:vgg16.tv_in1k
features.22,act,19,512,1,False,,0,28.0,28.0,51200,1676.5632693018156,208.41597862922504,0.40706245826020515,349.9445226239561,0.6834853957499143,32.175031722852175,0.06284185883369565,0.7162274123849168,10,512,0.9840855500809764,512,378,438,495,510,0.73828125,0.85546875,0.966796875,0.99609375,100,timm:vgg16.tv_in1k
features.22,act,19,512,1,False,,0,28.0,28.0,128000,1668.2322581470453,211.01247941763296,0.4121337488625644,352.70253240100266,0.6888721335957083,32.6250482625044,0.0637207973877039,0.7022300480263616,10,512,0.986278691398168,512,381,440,495,511,0.744140625,0.859375,0.966796875,0.998046875,250,timm:vgg16.tv_in1k
features.24,conv,20,512,1,False,512.0,0,14.0,14.0,1024,25019.490394748904,21.74291506777627,0.04246663099175053,73.28515893373077,0.1431350760424429,5.550853082911163,0.010841509927560866,2.162605342641541,10,512,0.9120530761797236,512,108,165,302,444,0.2109375,0.322265625,0.58984375,0.8671875,1,timm:vgg16.tv_in1k
features.24,conv,20,512,1,False,512.0,0,14.0,14.0,1024,25019.490394748904,21.74291506777627,0.04246663099175053,73.28515893373077,0.1431350760424429,5.550853082911163,0.010841509927560866,2.162605342641541,10,512,0.9120530761797236,512,108,165,302,444,0.2109375,0.322265625,0.58984375,0.8671875,2,timm:vgg16.tv_in1k
features.24,conv,20,512,1,False,512.0,0,14.0,14.0,3072,24857.946384425242,24.46890394688078,0.04779082802125152,86.9296893417753,0.16978454949565489,5.856281841562693,0.011438050471802136,1.8028759237490806,10,512,0.9470931074863477,512,131,203,362,482,0.255859375,0.396484375,0.70703125,0.94140625,5,timm:vgg16.tv_in1k
features.24,conv,20,512,1,False,512.0,0,14.0,14.0,5120,24947.669603351835,25.608909200111153,0.050017400781467096,91.45117217903126,0.17861557066217043,5.981546551735036,0.011682708108857492,1.7395318063879814,10,512,0.9525583334196421,512,138,213,375,487,0.26953125,0.416015625,0.732421875,0.951171875,10,timm:vgg16.tv_in1k
features.24,conv,20,512,1,False,512.0,0,14.0,14.0,13312,26143.878087061974,24.629469752239796,0.04810443310984335,91.76883194085173,0.17923599988447603,5.800111312824803,0.011328342407860943,1.683509486876742,10,512,0.9573581138801376,512,143,221,385,491,0.279296875,0.431640625,0.751953125,0.958984375,25,timm:vgg16.tv_in1k
features.24,conv,20,512,1,False,512.0,0,14.0,14.0,25600,26237.564639437544,25.08349014132951,0.0489911916822842,93.19417512573575,0.18201987329245264,5.8625857308359555,0.011450362755538976,1.6660854328167538,10,512,0.9588608077195335,512,145,224,389,492,0.283203125,0.4375,0.759765625,0.9609375,50,timm:vgg16.tv_in1k
features.24,conv,20,512,1,False,512.0,0,14.0,14.0,51200,25946.09179416807,25.037018448619463,0.04890042665745989,93.67851338177601,0.18296584644878128,5.837319991006192,0.011401015607433968,1.6558875611699968,10,512,0.9594661009341574,512,146,226,391,492,0.28515625,0.44140625,0.763671875,0.9609375,100,timm:vgg16.tv_in1k
features.24,conv,20,512,1,False,512.0,0,14.0,14.0,128000,25790.096051010012,24.952485786956974,0.04873532380265034,93.80617789119536,0.18321519119374094,5.814125640445295,0.011355714141494716,1.6497979151435176,10,512,0.9601255718209855,512,147,227,392,493,0.287109375,0.443359375,0.765625,0.962890625,250,timm:vgg16.tv_in1k
features.25,act,21,512,1,False,,0,14.0,14.0,1024,2428.49943009989,108.91853581176085,0.2127315152573454,207.697453687087,0.4056590892325918,22.32390534176772,0.04360137762064008,1.5165229911117797,10,512,0.8730047452234624,512,226,298,418,493,0.44140625,0.58203125,0.81640625,0.962890625,1,timm:vgg16.tv_in1k
features.25,act,21,512,1,False,,0,14.0,14.0,1024,2428.49943009989,108.91853581176085,0.2127315152573454,207.697453687087,0.4056590892325918,22.32390534176772,0.04360137762064008,1.5165229911117797,10,512,0.8730047452234624,512,226,298,418,493,0.44140625,0.58203125,0.81640625,0.962890625,2,timm:vgg16.tv_in1k
features.25,act,21,512,1,False,,0,14.0,14.0,3072,2451.110413258171,143.4634942163676,0.28020213714134296,268.9278851273212,0.5252497756392992,27.03356968798178,0.05279994079683942,1.0605130968861496,10,512,0.9422409165873888,512,302,378,474,508,0.58984375,0.73828125,0.92578125,0.9921875,5,timm:vgg16.tv_in1k
features.25,act,21,512,1,False,,0,14.0,14.0,5120,2519.7271767995685,156.53962133213034,0.30574144791431707,287.37585824177813,0.5612809731284729,28.833431722378986,0.05631529633277146,0.9620230621137895,10,512,0.9605063121497249,512,324,398,482,509,0.6328125,0.77734375,0.94140625,0.994140625,10,timm:vgg16.tv_in1k
features.25,act,21,512,1,False,,0,14.0,14.0,13312,2628.8675100563546,164.05451029119763,0.32041896541249537,302.8005081108584,0.5914072424040203,28.742085078333925,0.05613688491862095,0.8662912327636743,10,512,0.9779687520555563,512,346,416,489,510,0.67578125,0.8125,0.955078125,0.99609375,25,timm:vgg16.tv_in1k
features.25,act,21,512,1,False,,0,14.0,14.0,25600,2680.9282652967313,166.33591112523507,0.32487482641647475,307.72647473707553,0.6010282709708507,28.60157906086899,0.055862459103259744,0.8331480844193239,10,512,0.9836837400405638,512,354,422,491,510,0.69140625,0.82421875,0.958984375,0.99609375,50,timm:vgg16.tv_in1k
features.25,act,21,512,1,False,,0,14.0,14.0,51200,2648.2072058953586,167.64670545407418,0.32743497158998863,310.6394812563845,0.606717736828876,28.489557551098493,0.05564366709198924,0.813361859478,10,512,0.9867772981226687,512,358,425,491,510,0.69921875,0.830078125,0.958984375,0.99609375,100,timm:vgg16.tv_in1k
features.25,act,21,512,1,False,,0,14.0,14.0,128000,2644.0599935474866,167.10116915732536,0.3263694710104011,311.21424271336844,0.6078403177995477,28.12694799877094,0.054935445310099494,0.8029437716316087,10,512,0.9890024083558385,512,361,427,492,510,0.705078125,0.833984375,0.9609375,0.99609375,250,timm:vgg16.tv_in1k
features.26,conv,22,512,1,False,512.0,0,14.0,14.0,1024,17325.53562400721,21.61911116376571,0.0422248264917299,70.02611160097244,0.1367697492206493,5.564591270419444,0.010868342325037977,2.1865745088655273,10,512,0.9161531837781778,512,102,158,295,440,0.19921875,0.30859375,0.576171875,0.859375,1,timm:vgg16.tv_in1k
features.26,conv,22,512,1,False,512.0,0,14.0,14.0,1024,17325.53562400721,21.61911116376571,0.0422248264917299,70.02611160097244,0.1367697492206493,5.564591270419444,0.010868342325037977,2.1865745088655273,10,512,0.9161531837781778,512,102,158,295,440,0.19921875,0.30859375,0.576171875,0.859375,2,timm:vgg16.tv_in1k
features.26,conv,22,512,1,False,512.0,0,14.0,14.0,3072,18130.241932203106,21.506212196742023,0.042004320696761764,78.84676396962354,0.15399758587817097,5.355943971148097,0.010460828068648627,1.8401522776396804,10,512,0.9458643657804956,512,124,193,351,478,0.2421875,0.376953125,0.685546875,0.93359375,5,timm:vgg16.tv_in1k
features.26,conv,22,512,1,False,512.0,0,14.0,14.0,5120,18593.461471599676,21.494078228911665,0.041980621540843095,81.20599861689455,0.15860546604862216,5.31296930994103,0.010376893183478574,1.7759953573078897,10,512,0.9501117978284133,512,130,203,364,483,0.25390625,0.396484375,0.7109375,0.943359375,10,timm:vgg16.tv_in1k
features.26,conv,22,512,1,False,512.0,0,14.0,14.0,13312,19133.760376724968,22.114408949169185,0.043192204978846065,84.67223754866754,0.1653754639622413,5.393658414861938,0.010534489091527223,1.7148572369658261,10,512,0.9535182572178483,512,137,214,375,487,0.267578125,0.41796875,0.732421875,0.951171875,25,timm:vgg16.tv_in1k
features.26,conv,22,512,1,False,512.0,0,14.0,14.0,25600,19542.102061367605,21.746627768085673,0.04247388235954233,84.85018969236852,0.16572302674290726,5.317510533915786,0.010385762761554269,1.6968543667238896,10,512,0.9546204673009716,512,139,216,379,488,0.271484375,0.421875,0.740234375,0.953125,50,timm:vgg16.tv_in1k
features.26,conv,22,512,1,False,512.0,0,14.0,14.0,51200,19602.673506313742,20.971520619259927,0.040960001209492045,83.76346938740339,0.16360052614727225,5.182900702721701,0.010122852935003323,1.685804405114429,10,512,0.9553475758223322,512,139,217,380,489,0.271484375,0.423828125,0.7421875,0.955078125,100,timm:vgg16.tv_in1k
features.26,conv,22,512,1,False,512.0,0,14.0,14.0,128000,19528.000208910686,20.960107608803863,0.040937710173445045,83.92104485396702,0.16390829073040433,5.178340575686149,0.01011394643688701,1.6797183345012674,10,512,0.9558159676288894,512,140,218,381,489,0.2734375,0.42578125,0.744140625,0.955078125,250,timm:vgg16.tv_in1k
features.27,act,23,512,1,False,,0,14.0,14.0,1024,1488.5970714341627,107.68471729851102,0.21032171347365433,203.08227606739507,0.396645070444131,23.37079683788686,0.045646087573997775,1.5564503000792274,10,512,0.8695067597852866,512,221,292,413,491,0.431640625,0.5703125,0.806640625,0.958984375,1,timm:vgg16.tv_in1k
features.27,act,23,512,1,False,,0,14.0,14.0,1024,1488.5970714341627,107.68471729851102,0.21032171347365433,203.08227606739507,0.396645070444131,23.37079683788686,0.045646087573997775,1.5564503000792274,10,512,0.8695067597852866,512,221,292,413,491,0.431640625,0.5703125,0.806640625,0.958984375,2,timm:vgg16.tv_in1k
features.27,act,23,512,1,False,,0,14.0,14.0,3072,1560.69058699579,140.55629889199207,0.274524021273422,269.17835951971637,0.525738983436946,24.019849966976924,0.046913769466751805,1.0617423529372132,10,512,0.937779471540212,512,302,378,473,508,0.58984375,0.73828125,0.923828125,0.9921875,5,timm:vgg16.tv_in1k
features.27,act,23,512,1,False,,0,14.0,14.0,5120,1591.2622088512153,152.88735728372134,0.29860811969476825,289.2103441448806,0.5648639534079699,25.15094315305196,0.049122935845804606,0.9476354164855679,10,512,0.9575511526151769,512,327,400,483,509,0.638671875,0.78125,0.943359375,0.994140625,10,timm:vgg16.tv_in1k
features.27,act,23,512,1,False,,0,14.0,14.0,13312,1671.0449544980422,161.17445871242268,0.31479386467270054,306.70341320132474,0.5990301039088374,25.168822431418814,0.04915785631136487,0.8373519774688052,10,512,0.9784395609541603,512,351,420,490,510,0.685546875,0.8203125,0.95703125,0.99609375,25,timm:vgg16.tv_in1k
features.27,act,23,512,1,False,,0,14.0,14.0,25600,1676.9558201811549,166.79705245147548,0.32577549306928805,314.31889727804827,0.613904096246188,25.83566212927061,0.05046027759623166,0.79883804642658,10,512,0.9850110747526932,512,361,427,492,510,0.705078125,0.833984375,0.9609375,0.99609375,50,timm:vgg16.tv_in1k
features.27,act,23,512,1,False,,0,14.0,14.0,51200,1644.4856548636453,169.10797296001266,0.3302890096875247,318.3674308975629,0.6218113884718025,25.961511787226215,0.0507060777094262,0.7738296571166382,10,512,0.9888932252437536,512,366,431,493,510,0.71484375,0.841796875,0.962890625,0.99609375,100,timm:vgg16.tv_in1k
features.27,act,23,512,1,False,,0,14.0,14.0,128000,1636.9317165123662,169.5620834911667,0.33117594431868497,320.18220371044544,0.6253558666219637,25.833690505222755,0.05045642676801319,0.7587953303875852,10,512,0.991976115280618,512,370,434,494,510,0.72265625,0.84765625,0.96484375,0.99609375,250,timm:vgg16.tv_in1k
features.28,conv,24,512,1,False,512.0,0,14.0,14.0,1024,12141.294009390465,8.910689825882919,0.017403691066177576,43.3127452573849,0.08459520558082988,3.1125023017412117,0.006079106058088304,2.2529672041319446,10,512,0.9075380749945968,512,88,141,274,424,0.171875,0.275390625,0.53515625,0.828125,1,timm:vgg16.tv_in1k
features.28,conv,24,512,1,False,512.0,0,14.0,14.0,1024,12141.294009390465,8.910689825882919,0.017403691066177576,43.3127452573849,0.08459520558082988,3.1125023017412117,0.006079106058088304,2.2529672041319446,10,512,0.9075380749945968,512,88,141,274,424,0.171875,0.275390625,0.53515625,0.828125,2,timm:vgg16.tv_in1k
features.28,conv,24,512,1,False,512.0,0,14.0,14.0,3072,11863.322336427882,8.44576145672171,0.01649562784515959,48.53983689153513,0.09480436892877955,2.994138348881388,0.005847926462658961,1.8720417240086464,10,512,0.9293220648864787,512,113,179,334,469,0.220703125,0.349609375,0.65234375,0.916015625,5,timm:vgg16.tv_in1k
features.28,conv,24,512,1,False,512.0,0,14.0,14.0,5120,12032.531403531779,8.226126473658349,0.016066653268863963,49.33688294560787,0.09636109950314037,2.9462559808216624,0.005754406212542309,1.7987863402857325,10,512,0.9316110812431776,512,120,189,348,475,0.234375,0.369140625,0.6796875,0.927734375,10,timm:vgg16.tv_in1k
features.28,conv,24,512,1,False,512.0,0,14.0,14.0,13312,12469.237982753495,8.436869069041574,0.016478259900471824,51.627279859816234,0.10083453097620358,2.9834548496367734,0.005827060253196823,1.7364640215900844,10,512,0.9348345940275694,512,126,199,360,480,0.24609375,0.388671875,0.703125,0.9375,25,timm:vgg16.tv_in1k
features.28,conv,24,512,1,False,512.0,0,14.0,14.0,25600,12498.752749298705,8.480940813106644,0.016564337525598914,52.39554032734831,0.10233503970185216,2.9908320621962425,0.005841468871477036,1.7135709440064835,10,512,0.9352541022618686,512,129,203,364,481,0.251953125,0.396484375,0.7109375,0.939453125,50,timm:vgg16.tv_in1k
features.28,conv,24,512,1,False,512.0,0,14.0,14.0,51200,12376.230568469873,8.386927297240584,0.016380717377423016,52.27524863649178,0.10210009499314801,2.9719448729993454,0.0058045798300768465,1.7027374514354225,10,512,0.9354206973730209,512,130,205,366,482,0.25390625,0.400390625,0.71484375,0.94140625,100,timm:vgg16.tv_in1k
features.28,conv,24,512,1,False,512.0,0,14.0,14.0,128000,12248.801874094232,8.346286130679278,0.016301340098982965,52.30709357485652,0.10216229213839165,2.963565176649301,0.005788213235643166,1.6948955358987228,10,512,0.9353963372428109,512,131,206,367,482,0.255859375,0.40234375,0.716796875,0.94140625,250,timm:vgg16.tv_in1k
features.29,act,25,512,1,False,,0,14.0,14.0,1024,528.4134318705063,72.22010927427347,0.14105490092631537,160.12060538141114,0.31273555738556863,14.434411214034293,0.02819220940241073,1.7059529400318463,10,512,0.8779039583107462,512,191,262,390,482,0.373046875,0.51171875,0.76171875,0.94140625,1,timm:vgg16.tv_in1k
features.29,act,25,512,1,False,,0,14.0,14.0,1024,528.4134318705063,72.22010927427347,0.14105490092631537,160.12060538141114,0.31273555738556863,14.434411214034293,0.02819220940241073,1.7059529400318463,10,512,0.8779039583107462,512,191,262,390,482,0.373046875,0.51171875,0.76171875,0.94140625,2,timm:vgg16.tv_in1k
features.29,act,25,512,1,False,,0,14.0,14.0,3072,484.85327546502504,130.47252319357668,0.25482914686245445,258.3984891845817,0.5046845491886361,20.772290380069787,0.0405708796485738,1.1162626838942034,10,512,0.937323517384044,512,291,369,470,507,0.568359375,0.720703125,0.91796875,0.990234375,5,timm:vgg16.tv_in1k
features.29,act,25,512,1,False,,0,14.0,14.0,5120,479.6332048430433,148.78115557283314,0.29058819447818973,287.63360127850774,0.5617843774970854,22.22218812194819,0.04340271117568006,0.9738872761742663,10,512,0.9522691502326182,512,322,396,481,509,0.62890625,0.7734375,0.939453125,0.994140625,10,timm:vgg16.tv_in1k
features.29,act,25,512,1,False,,0,14.0,14.0,13312,506.40133609498383,165.97934361900684,0.32417840550587274,316.79572691619876,0.6187416541332007,22.843923143769203,0.044617037390174225,0.8344799543091744,10,512,0.9708255914788814,512,353,421,490,510,0.689453125,0.822265625,0.95703125,0.99609375,25,timm:vgg16.tv_in1k
features.29,act,25,512,1,False,,0,14.0,14.0,25600,517.1940413415426,171.79231522300535,0.3355318656699323,326.87515273513975,0.6384280326858198,22.923854804335267,0.04477315391471732,0.7850347754538443,10,512,0.9772060627105251,512,364,428,492,510,0.7109375,0.8359375,0.9609375,0.99609375,50,timm:vgg16.tv_in1k
features.29,act,25,512,1,False,,0,14.0,14.0,51200,516.9449824939288,173.6357789131604,0.3391323806897664,331.87013364085885,0.6481838547673024,22.705851603218914,0.04434736641253694,0.7569192822675334,10,512,0.9793415594040545,512,370,432,493,510,0.72265625,0.84375,0.962890625,0.99609375,100,timm:vgg16.tv_in1k
features.29,act,25,512,1,False,,0,14.0,14.0,128000,511.89849189448546,180.61622547130665,0.3527660653736458,338.59808894609387,0.6613243924728396,23.40748665324163,0.04571774736961256,0.7361127992759828,10,512,0.9808091778712463,512,374,435,494,510,0.73046875,0.849609375,0.96484375,0.99609375,250,timm:vgg16.tv_in1k
pre_logits.fc1,conv_gap,26,4096,1,False,4096.0,0,1.0,1.0,4096,72424.40014556592,31.894504460434714,0.007786744253035819,112.83694653889833,0.027548082651098225,7.1771246521637915,0.0017522276982821757,2.707270471992101,10,4096,0.7706794864748175,4093,168,378,1209,2468,0.041015625,0.09228515625,0.295166015625,0.6025390625,1,timm:vgg16.tv_in1k
pre_logits.fc1,conv_gap,26,4096,1,False,4096.0,0,1.0,1.0,8192,72677.22429707451,31.427783526518205,0.007672798712528859,114.74011815298233,0.028012724158442952,7.060454520359933,0.0017237437793847493,2.0714382918543155,10,4096,0.9499612775406936,4096,173,408,1420,2996,0.042236328125,0.099609375,0.3466796875,0.7314453125,2,timm:vgg16.tv_in1k
pre_logits.fc1,conv_gap,26,4096,1,False,4096.0,0,1.0,1.0,20480,72983.99113232073,30.871066526536968,0.007536881476205314,115.90608633853137,0.02829738435999301,6.9309978980637705,0.0016921381587069752,1.8955204656388056,10,4096,0.9739398257706224,4096,177,429,1578,3281,0.043212890625,0.104736328125,0.38525390625,0.801025390625,5,timm:vgg16.tv_in1k
pre_logits.fc1,conv_gap,26,4096,1,False,4096.0,0,1.0,1.0,40960,72885.82912989611,31.29590266698178,0.007640601237056099,117.11345858235924,0.0285921529742088,7.0153615023459,0.001712734741783667,1.8455948867435106,10,4096,0.9793416983769536,4096,179,439,1640,3364,0.043701171875,0.107177734375,0.400390625,0.8212890625,10,timm:vgg16.tv_in1k
pre_logits.act1,act,27,4096,1,False,,0,1.0,1.0,4096,6227.805804040703,295.52633583461426,0.07214998433462262,856.5261403628111,0.20911282723701444,44.527348312604104,0.010870934646631861,2.0070312157249215,10,4096,0.6028918940007055,4094,1296,1799,2697,3432,0.31640625,0.439208984375,0.658447265625,0.837890625,1,timm:vgg16.tv_in1k
pre_logits.act1,act,27,4096,1,False,,0,1.0,1.0,8192,6218.137611219548,314.4030236846219,0.0767585507042534,998.7220420949768,0.24382862355834395,46.6104224775591,0.011379497675185327,1.3072682047830166,10,4096,0.8648066684437397,4096,1670,2320,3366,3956,0.40771484375,0.56640625,0.82177734375,0.9658203125,2,timm:vgg16.tv_in1k
pre_logits.act1,act,27,4096,1,False,,0,1.0,1.0,20480,6230.385057365598,324.0033668622731,0.07910238448785964,1096.0096126358585,0.2675804718349264,46.742467826365,0.011411735309171143,1.0785063224734592,10,4096,0.901450170967227,4096,2017,2741,3685,4034,0.492431640625,0.669189453125,0.899658203125,0.98486328125,5,timm:vgg16.tv_in1k
pre_logits.act1,act,27,4096,1,False,,0,1.0,1.0,40960,6231.357715772055,328.1485153994789,0.08011438364245091,1132.1214961631895,0.2763968496492162,47.24256649686364,0.01153382971114835,1.0052298482856854,10,4096,0.9016989853498456,4096,2170,2904,3767,4046,0.52978515625,0.708984375,0.919677734375,0.98779296875,10,timm:vgg16.tv_in1k
pre_logits.fc2,conv_gap,28,4096,1,False,4096.0,0,1.0,1.0,4096,20766.718132577724,24.41130147534236,0.005959790399253506,76.70625855369724,0.01872711390471124,5.8120001940109765,0.001418945359865961,3.2434550893366487,10,4096,0.7259632135061854,4065,81,143,708,1874,0.019775390625,0.034912109375,0.1728515625,0.45751953125,1,timm:vgg16.tv_in1k
pre_logits.fc2,conv_gap,28,4096,1,False,4096.0,0,1.0,1.0,8192,20792.08862157708,24.273045677094483,0.005926036542259395,77.79839681105307,0.018993749221448503,5.769136184771088,0.0014084805138601289,2.7286152293027013,10,4096,0.772329355538704,4090,82,147,804,2171,0.02001953125,0.035888671875,0.1962890625,0.530029296875,2,timm:vgg16.tv_in1k
pre_logits.fc2,conv_gap,28,4096,1,False,4096.0,0,1.0,1.0,20480,20872.306486111513,24.041438104627566,0.0058694917247625895,78.25548453971022,0.01910534290520269,5.719120639181298,0.0013962696873001217,2.568128390235149,10,4096,0.7692531133209236,4091,83,149,876,2341,0.020263671875,0.036376953125,0.2138671875,0.571533203125,5,timm:vgg16.tv_in1k
pre_logits.fc2,conv_gap,28,4096,1,False,4096.0,0,1.0,1.0,40960,20859.628918022427,24.31130745680818,0.0059353777970723096,78.82262821168038,0.01924380571574228,5.76489330932038,0.0014074446555957958,2.5267241674012544,10,4096,0.7619640097600701,4090,83,150,904,2395,0.020263671875,0.03662109375,0.220703125,0.584716796875,10,timm:vgg16.tv_in1k
pre_logits.act2,act,29,4096,1,False,,0,1.0,1.0,4096,1931.252396582713,216.88394447537496,0.05295018175668334,634.2416788699816,0.1548441598803666,41.72828332827109,0.010187569171941184,2.155353724563092,10,4096,0.6134866962951809,4092,1027,1534,2505,3333,0.250732421875,0.37451171875,0.611572265625,0.813720703125,1,timm:vgg16.tv_in1k
pre_logits.act2,act,29,4096,1,False,,0,1.0,1.0,8192,1928.1401741293616,226.80387839777143,0.055372040624455915,716.8459475490491,0.17501121766334207,43.17499363285513,0.010540769929896271,1.4783800889807839,10,4096,0.7924244664542692,4094,1275,1941,3134,3887,0.311279296875,0.473876953125,0.76513671875,0.948974609375,2,timm:vgg16.tv_in1k
pre_logits.act2,act,29,4096,1,False,,0,1.0,1.0,20480,1932.4562742694065,231.87316694720627,0.05660965989922028,769.0185716686964,0.18774867472380283,43.82133805435192,0.010698568860925762,1.2626877995258599,10,4096,0.9134167720595996,4094,1493,2280,3482,3991,0.364501953125,0.556640625,0.85009765625,0.974365234375,5,timm:vgg16.tv_in1k
pre_logits.act2,act,29,4096,1,False,,0,1.0,1.0,40960,1934.5936665256581,232.43334603732984,0.05674642237239498,786.1846091424883,0.1919396018414278,43.37067604753601,0.01058854395691797,1.2119222563397638,10,4096,0.749444240817383,4095,1585,2418,3583,4008,0.386962890625,0.59033203125,0.874755859375,0.978515625,10,timm:vgg16.tv_in1k
head.fc,linear,30,1000,1,False,,0,,,1024,10194.410316395175,15.866967975696115,0.015866967975696113,39.6757442894898,0.0396757442894898,5.956587221516646,0.0059565872215166455,3.152415684163115,10,1000,0.8613387110798112,1000,52,83,221,520,0.052,0.083,0.221,0.52,1,timm:vgg16.tv_in1k
head.fc,linear,30,1000,1,False,,0,,,2048,10112.647506143392,16.13563354092583,0.016135633540925832,41.01349357135784,0.04101349357135784,6.061557462891479,0.006061557462891478,2.542251810192632,10,1000,0.9690688396804319,1000,54,87,249,623,0.054,0.087,0.249,0.623,2,timm:vgg16.tv_in1k
head.fc,linear,30,1000,1,False,,0,,,5056,10072.226810439597,16.278890848682483,0.016278890848682483,41.866808485774584,0.041866808485774586,6.045171844403649,0.006045171844403649,2.3633016777123865,10,1000,0.9829384430383457,1000,55,90,268,688,0.055,0.09,0.268,0.688,5,timm:vgg16.tv_in1k
head.fc,linear,30,1000,1,False,,0,,,10048,10111.64186841873,16.402951835244277,0.016402951835244275,42.34102460344768,0.04234102460344768,6.024573797570481,0.006024573797570481,2.313638084788543,10,1000,0.985851770620632,1000,55,91,276,709,0.055,0.091,0.276,0.709,10,timm:vgg16.tv_in1k
head.fc,linear,30,1000,1,False,,0,,,25024,10080.875802286788,16.46127886436584,0.016461278864365842,42.59919834863151,0.04259919834863151,6.104133560757639,0.0061041335607576385,2.2846815863649437,10,1000,0.9873092668821732,1000,56,92,281,722,0.056,0.092,0.281,0.722,25,timm:vgg16.tv_in1k
head.fc,linear,30,1000,1,False,,0,,,50000,10106.28376805658,16.374373658712088,0.01637437365871209,42.47592345017589,0.04247592345017589,6.0685980431045285,0.006068598043104528,2.2752339499056506,10,1000,0.9877538093827076,1000,56,92,282,725,0.056,0.092,0.282,0.725,50,timm:vgg16.tv_in1k
