layer,kind,depth_index,C,groups,is_depthwise,call_index,H,W,n_samples,total_variance,participation_ratio,participation_ratio_norm,effective_rank,effective_rank_norm,stable_rank,stable_rank_norm,powerlaw_alpha,powerlaw_fit_lo,powerlaw_fit_hi,powerlaw_r2,nonzero_eigs,k_star_0.9,k_star_0.95,k_star_0.99,k_star_0.999,k_star_ratio_0.9,k_star_ratio_0.95,k_star_ratio_0.99,k_star_ratio_0.999,n_over_C,model,r_max,k_star_rmax_0.9,k_star_rmax_0.95,k_star_rmax_0.99,k_star_rmax_0.999,r_max_over_C
features.0,conv,0,64,1,False,0,224,224,1024,32.80203852294935,4.474509447805273,0.0699142101219573,4.969795941722141,0.0776530615894084,3.091211681280342,0.0483001825200053,20.883198798279917,10,64,0.8512728007965868,34,5,5,6,8,0.078125,0.078125,0.09375,0.125,1,vgg16_bn,27.0,0.18518518518518517,0.18518518518518517,0.2222222222222222,0.2962962962962963,0.421875
features.0,conv,0,64,1,False,0,224,224,1024,32.80203852294935,4.474509447805273,0.0699142101219573,4.969795941722141,0.0776530615894084,3.091211681280342,0.0483001825200053,20.883198798279917,10,64,0.8512728007965868,34,5,5,6,8,0.078125,0.078125,0.09375,0.125,2,vgg16_bn,27.0,0.18518518518518517,0.18518518518518517,0.2222222222222222,0.2962962962962963,0.421875
features.0,conv,0,64,1,False,0,224,224,1024,32.80203852294935,4.474509447805273,0.0699142101219573,4.969795941722141,0.0776530615894084,3.091211681280342,0.0483001825200053,20.883198798279917,10,64,0.8512728007965868,34,5,5,6,8,0.078125,0.078125,0.09375,0.125,5,vgg16_bn,27.0,0.18518518518518517,0.18518518518518517,0.2222222222222222,0.2962962962962963,0.421875
features.0,conv,0,64,1,False,0,224,224,1024,32.80203852294935,4.474509447805273,0.0699142101219573,4.969795941722141,0.0776530615894084,3.091211681280342,0.0483001825200053,20.883198798279917,10,64,0.8512728007965868,34,5,5,6,8,0.078125,0.078125,0.09375,0.125,10,vgg16_bn,27.0,0.18518518518518517,0.18518518518518517,0.2222222222222222,0.2962962962962963,0.421875
features.0,conv,0,64,1,False,0,224,224,2048,35.71864642736347,4.586952223843582,0.0716711284975559,5.002436177856571,0.0781630652790089,3.437927396121883,0.0537176155644044,20.623723619167745,10,64,0.8748479554045923,34,4,5,6,8,0.0625,0.078125,0.09375,0.125,25,vgg16_bn,27.0,0.14814814814814814,0.18518518518518517,0.2222222222222222,0.2962962962962963,0.421875
features.0,conv,0,64,1,False,0,224,224,4096,35.44363117032033,4.619333751080912,0.0721770898606392,5.031433012942839,0.0786161408272318,3.50287280285677,0.054732387544637,21.18727027803079,10,64,0.8772188958501115,34,4,5,6,8,0.0625,0.078125,0.09375,0.125,50,vgg16_bn,27.0,0.14814814814814814,0.18518518518518517,0.2222222222222222,0.2962962962962963,0.421875
features.0,conv,0,64,1,False,0,224,224,7168,36.29357473894528,4.778984856774712,0.0746716383871048,5.145802617025749,0.0804031658910273,3.7466402441119633,0.0585412538142494,22.18994577087589,10,64,0.8775143908495641,33,5,5,6,8,0.078125,0.078125,0.09375,0.125,100,vgg16_bn,27.0,0.18518518518518517,0.18518518518518517,0.2222222222222222,0.2962962962962963,0.421875
features.0,conv,0,64,1,False,0,224,224,16384,37.97235060019118,4.716124574499643,0.0736894464765569,5.110110469681352,0.0798454760887711,3.7202190288790815,0.0581284223262356,21.33487666493908,10,64,0.8713580865047352,34,5,5,6,8,0.078125,0.078125,0.09375,0.125,250,vgg16_bn,27.0,0.18518518518518517,0.18518518518518517,0.2222222222222222,0.2962962962962963,0.421875
features.2,act,1,64,1,False,0,224,224,1024,1.12436924919397,5.984769879301099,0.0935120293640796,8.82053101474811,0.1378207971054392,3.011404756497853,0.0470531993202789,38.939350165556,10,64,0.4066731811513492,42,9,11,15,24,0.140625,0.171875,0.234375,0.375,1,vgg16_bn,,,,,,
features.2,act,1,64,1,False,0,224,224,1024,1.12436924919397,5.984769879301099,0.0935120293640796,8.82053101474811,0.1378207971054392,3.011404756497853,0.0470531993202789,38.939350165556,10,64,0.4066731811513492,42,9,11,15,24,0.140625,0.171875,0.234375,0.375,2,vgg16_bn,,,,,,
features.2,act,1,64,1,False,0,224,224,1024,1.12436924919397,5.984769879301099,0.0935120293640796,8.82053101474811,0.1378207971054392,3.011404756497853,0.0470531993202789,38.939350165556,10,64,0.4066731811513492,42,9,11,15,24,0.140625,0.171875,0.234375,0.375,5,vgg16_bn,,,,,,
features.2,act,1,64,1,False,0,224,224,1024,1.12436924919397,5.984769879301099,0.0935120293640796,8.82053101474811,0.1378207971054392,3.011404756497853,0.0470531993202789,38.939350165556,10,64,0.4066731811513492,42,9,11,15,24,0.140625,0.171875,0.234375,0.375,10,vgg16_bn,,,,,,
features.2,act,1,64,1,False,0,224,224,2048,1.21630646983678,6.534524731764057,0.1021019489338133,9.322162228821943,0.1456587848253429,3.289224723908423,0.0513941363110691,37.3113938934103,10,64,0.4143226844171588,42,9,11,15,24,0.140625,0.171875,0.234375,0.375,25,vgg16_bn,,,,,,
features.2,act,1,64,1,False,0,224,224,4096,1.1909596038064532,6.452011703919587,0.1008126828737435,9.29458224817973,0.1452278476278082,3.228760579081092,0.050449384048142,37.22566023459893,10,64,0.4025914247256384,42,9,11,15,24,0.140625,0.171875,0.234375,0.375,50,vgg16_bn,,,,,,
features.2,act,1,64,1,False,0,224,224,7168,1.2452442118064524,6.473840091706305,0.101153751432911,9.376002647264984,0.1465000413635153,3.218780270325582,0.0502934417238372,35.637848847929945,10,64,0.4185970058703907,42,9,11,15,24,0.140625,0.171875,0.234375,0.375,100,vgg16_bn,,,,,,
features.2,act,1,64,1,False,0,224,224,16384,1.2670341269452436,6.423866888558878,0.1003729201337324,9.285977591661611,0.1450933998697127,3.2149894348056107,0.0502342099188376,31.111599276787725,10,64,0.4004048325891955,42,9,11,15,24,0.140625,0.171875,0.234375,0.375,250,vgg16_bn,,,,,,
features.3,conv,2,64,1,False,0,224,224,1024,14.00399562741261,9.560693517282717,0.1493858362075424,12.817006709819328,0.200265729840927,5.576301641581808,0.0871297131497157,6.61999451096812,10,64,0.4499605997708091,63,11,15,24,40,0.171875,0.234375,0.375,0.625,1,vgg16_bn,64.0,0.171875,0.234375,0.375,0.625,1.0
features.3,conv,2,64,1,False,0,224,224,1024,14.00399562741261,9.560693517282717,0.1493858362075424,12.817006709819328,0.200265729840927,5.576301641581808,0.0871297131497157,6.61999451096812,10,64,0.4499605997708091,63,11,15,24,40,0.171875,0.234375,0.375,0.625,2,vgg16_bn,64.0,0.171875,0.234375,0.375,0.625,1.0
features.3,conv,2,64,1,False,0,224,224,1024,14.00399562741261,9.560693517282717,0.1493858362075424,12.817006709819328,0.200265729840927,5.576301641581808,0.0871297131497157,6.61999451096812,10,64,0.4499605997708091,63,11,15,24,40,0.171875,0.234375,0.375,0.625,5,vgg16_bn,64.0,0.171875,0.234375,0.375,0.625,1.0
features.3,conv,2,64,1,False,0,224,224,1024,14.00399562741261,9.560693517282717,0.1493858362075424,12.817006709819328,0.200265729840927,5.576301641581808,0.0871297131497157,6.61999451096812,10,64,0.4499605997708091,63,11,15,24,40,0.171875,0.234375,0.375,0.625,10,vgg16_bn,64.0,0.171875,0.234375,0.375,0.625,1.0
features.3,conv,2,64,1,False,0,224,224,2048,14.931652711042208,9.679247862718611,0.1512382478549783,12.988630778729933,0.2029473559176552,5.937451065396706,0.0927726728968235,6.578377079648375,10,64,0.4464188190888618,63,11,15,24,40,0.171875,0.234375,0.375,0.625,25,vgg16_bn,64.0,0.171875,0.234375,0.375,0.625,1.0
features.3,conv,2,64,1,False,0,224,224,4096,14.8317140679985,9.627380834671214,0.1504278255417377,12.900059214971032,0.2015634252339223,5.963206169689528,0.0931750964013988,6.526594929128287,10,64,0.4429996571247607,63,11,15,24,41,0.171875,0.234375,0.375,0.640625,50,vgg16_bn,64.0,0.171875,0.234375,0.375,0.640625,1.0
features.3,conv,2,64,1,False,0,224,224,7168,15.77889663177152,9.716908725150253,0.1518266988304727,12.940471050574809,0.2021948601652313,6.2359763620263085,0.097437130656661,6.504522479748695,10,64,0.4412170930219226,63,11,15,24,41,0.171875,0.234375,0.375,0.640625,100,vgg16_bn,64.0,0.171875,0.234375,0.375,0.640625,1.0
features.3,conv,2,64,1,False,0,224,224,16384,16.297331989301856,9.64231517928011,0.1506611746762517,12.876404016137394,0.2011938127521468,6.062240705507409,0.0947225110235532,6.490123375754667,10,64,0.4397954886785185,63,11,15,24,41,0.171875,0.234375,0.375,0.640625,250,vgg16_bn,64.0,0.171875,0.234375,0.375,0.640625,1.0
features.5,act,3,64,1,False,0,224,224,1024,1.6927542801826223,14.827708338977,0.2316829427965156,22.85679994007594,0.3571374990636866,7.340541205088181,0.1146959563295028,4.197874221353241,10,64,0.1735588826913096,62,23,31,47,58,0.359375,0.484375,0.734375,0.90625,1,vgg16_bn,,,,,,
features.5,act,3,64,1,False,0,224,224,1024,1.6927542801826223,14.827708338977,0.2316829427965156,22.85679994007594,0.3571374990636866,7.340541205088181,0.1146959563295028,4.197874221353241,10,64,0.1735588826913096,62,23,31,47,58,0.359375,0.484375,0.734375,0.90625,2,vgg16_bn,,,,,,
features.5,act,3,64,1,False,0,224,224,1024,1.6927542801826223,14.827708338977,0.2316829427965156,22.85679994007594,0.3571374990636866,7.340541205088181,0.1146959563295028,4.197874221353241,10,64,0.1735588826913096,62,23,31,47,58,0.359375,0.484375,0.734375,0.90625,5,vgg16_bn,,,,,,
features.5,act,3,64,1,False,0,224,224,1024,1.6927542801826223,14.827708338977,0.2316829427965156,22.85679994007594,0.3571374990636866,7.340541205088181,0.1146959563295028,4.197874221353241,10,64,0.1735588826913096,62,23,31,47,58,0.359375,0.484375,0.734375,0.90625,10,vgg16_bn,,,,,,
features.5,act,3,64,1,False,0,224,224,2048,1.8442277173533668,15.04502936601344,0.23507858384396,23.350098783931465,0.3648452934989291,7.16834938194285,0.112005459092857,2.442419122199743,10,64,0.912795341173127,62,24,32,47,59,0.375,0.5,0.734375,0.921875,25,vgg16_bn,,,,,,
features.5,act,3,64,1,False,0,224,224,4096,1.8164441064031824,15.23611256979285,0.2380642589030132,23.589422245040986,0.3685847225787654,7.416795622740174,0.1158874316053152,4.129528488017398,10,64,0.160709421542345,62,24,33,48,59,0.375,0.515625,0.75,0.921875,50,vgg16_bn,,,,,,
features.5,act,3,64,1,False,0,224,224,7168,1.9066813813158725,15.56163550162694,0.2431505547129209,23.981968492171923,0.3747182576901863,7.871946800132656,0.1229991687520727,5.609042346553054,10,64,0.1685617056044089,62,25,33,48,59,0.390625,0.515625,0.75,0.921875,100,vgg16_bn,,,,,,
features.5,act,3,64,1,False,0,224,224,16384,1.9186117444605104,15.65571649247826,0.2446205701949728,24.06538631697281,0.3760216612027001,8.31378458079724,0.1299028840749568,2.3757561532099327,10,64,0.915454549908892,62,25,33,48,60,0.390625,0.515625,0.75,0.9375,250,vgg16_bn,,,,,,
features.7,conv,4,128,1,False,0,112,112,1024,20.260790936804163,11.176477796288244,0.0873162327835019,20.359052988408624,0.1590551014719423,4.378943532810752,0.0342104963500839,8.803446312006187,10,128,0.4830560703874348,118,21,29,50,81,0.1640625,0.2265625,0.390625,0.6328125,1,vgg16_bn,128.0,0.1640625,0.2265625,0.390625,0.6328125,1.0
features.7,conv,4,128,1,False,0,112,112,1024,20.260790936804163,11.176477796288244,0.0873162327835019,20.359052988408624,0.1590551014719423,4.378943532810752,0.0342104963500839,8.803446312006187,10,128,0.4830560703874348,118,21,29,50,81,0.1640625,0.2265625,0.390625,0.6328125,2,vgg16_bn,128.0,0.1640625,0.2265625,0.390625,0.6328125,1.0
features.7,conv,4,128,1,False,0,112,112,1024,20.260790936804163,11.176477796288244,0.0873162327835019,20.359052988408624,0.1590551014719423,4.378943532810752,0.0342104963500839,8.803446312006187,10,128,0.4830560703874348,118,21,29,50,81,0.1640625,0.2265625,0.390625,0.6328125,5,vgg16_bn,128.0,0.1640625,0.2265625,0.390625,0.6328125,1.0
features.7,conv,4,128,1,False,0,112,112,2048,21.3318345539368,11.63697586986637,0.090913873983331,20.72832489428375,0.1619400382365918,4.66262058623432,0.0364267233299556,8.737274909252653,10,128,0.4799434441909582,118,22,30,50,82,0.171875,0.234375,0.390625,0.640625,10,vgg16_bn,128.0,0.171875,0.234375,0.390625,0.640625,1.0
features.7,conv,4,128,1,False,0,112,112,4096,21.51701855703026,11.62897968706336,0.0908514038051825,20.71885882862506,0.1618660845986332,4.685246653596075,0.0366034894812193,8.699123529747467,10,128,0.4789801350405352,118,22,30,51,82,0.171875,0.234375,0.3984375,0.640625,25,vgg16_bn,128.0,0.171875,0.234375,0.3984375,0.640625,1.0
features.7,conv,4,128,1,False,0,112,112,7168,22.411580448818828,12.003466525291383,0.0937770822288389,21.0759947128079,0.1646562086938117,4.869700074875218,0.0380445318349626,8.686598472946098,10,128,0.4785424245519559,118,22,30,51,83,0.171875,0.234375,0.3984375,0.6484375,50,vgg16_bn,128.0,0.171875,0.234375,0.3984375,0.6484375,1.0
features.7,conv,4,128,1,False,0,112,112,13312,23.047253531164472,11.870460817317596,0.0927379751352937,20.900682564373668,0.1632865825341692,4.847145402068322,0.0378683234536587,8.681435182476363,10,128,0.4781011064851339,118,22,30,51,83,0.171875,0.234375,0.3984375,0.6484375,100,vgg16_bn,128.0,0.171875,0.234375,0.3984375,0.6484375,1.0
features.7,conv,4,128,1,False,0,112,112,32768,23.754889866488316,11.881415382828228,0.0928235576783455,20.934966125851727,0.1635544228582166,4.834517353246828,0.0377696668222408,8.684134008778374,10,128,0.4774389745264688,118,22,30,51,83,0.171875,0.234375,0.3984375,0.6484375,250,vgg16_bn,128.0,0.171875,0.234375,0.3984375,0.6484375,1.0
features.9,act,5,128,1,False,0,112,112,1024,1.7248894789257063,34.272990715528564,0.2677577399650669,50.0080623308911,0.3906879869600867,15.500436607000964,0.121097160992195,9.4644806325793,10,128,0.1935440001939963,105,49,63,86,100,0.3828125,0.4921875,0.671875,0.78125,1,vgg16_bn,,,,,,
features.9,act,5,128,1,False,0,112,112,1024,1.7248894789257063,34.272990715528564,0.2677577399650669,50.0080623308911,0.3906879869600867,15.500436607000964,0.121097160992195,9.4644806325793,10,128,0.1935440001939963,105,49,63,86,100,0.3828125,0.4921875,0.671875,0.78125,2,vgg16_bn,,,,,,
features.9,act,5,128,1,False,0,112,112,1024,1.7248894789257063,34.272990715528564,0.2677577399650669,50.0080623308911,0.3906879869600867,15.500436607000964,0.121097160992195,9.4644806325793,10,128,0.1935440001939963,105,49,63,86,100,0.3828125,0.4921875,0.671875,0.78125,5,vgg16_bn,,,,,,
features.9,act,5,128,1,False,0,112,112,2048,1.81548514665088,35.98026206689453,0.2810957973976135,51.97005509490971,0.4060160554289821,15.904975756937969,0.1242576231010778,9.486174273727205,10,128,0.1914659123779659,105,51,65,88,100,0.3984375,0.5078125,0.6875,0.78125,10,vgg16_bn,,,,,,
features.9,act,5,128,1,False,0,112,112,4096,1.8133979830456612,36.3190859272962,0.2837428588070015,52.745652676220914,0.4120754115329759,15.646794311624062,0.1222405805595629,11.745454184142174,10,128,0.1989734542613128,105,52,66,88,101,0.40625,0.515625,0.6875,0.7890625,25,vgg16_bn,,,,,,
features.9,act,5,128,1,False,0,112,112,7168,1.8701935658718,36.85480280073778,0.2879281468807639,53.30746759372179,0.4164645905759515,15.905807440061569,0.1242641206254809,9.197667534782324,10,128,0.212819893250823,105,52,67,89,101,0.40625,0.5234375,0.6953125,0.7890625,50,vgg16_bn,,,,,,
features.9,act,5,128,1,False,0,112,112,13312,1.890662805005681,37.06000618689183,0.2895312983350924,53.56955836749732,0.4185121747460728,16.07824981397993,0.1256113266717182,9.204417731749563,10,128,0.2126050409878234,105,53,67,89,101,0.4140625,0.5234375,0.6953125,0.7890625,100,vgg16_bn,,,,,,
features.9,act,5,128,1,False,0,112,112,32768,1.8985069745455527,37.070808900072784,0.2896156945318186,53.67175782029022,0.4193106079710173,16.147492609622354,0.1261522860126746,10.948896595634482,10,128,0.205427167934688,105,53,67,89,101,0.4140625,0.5234375,0.6953125,0.7890625,250,vgg16_bn,,,,,,
features.10,conv,6,128,1,False,0,112,112,1024,11.46610300752903,26.112270339423887,0.2040021120267491,39.6361908492953,0.3096577410101195,10.658090437589166,0.0832663315436653,4.512145031299549,10,128,0.2872593278531044,125,36,49,79,112,0.28125,0.3828125,0.6171875,0.875,1,vgg16_bn,128.0,0.28125,0.3828125,0.6171875,0.875,1.0
features.10,conv,6,128,1,False,0,112,112,1024,11.46610300752903,26.112270339423887,0.2040021120267491,39.6361908492953,0.3096577410101195,10.658090437589166,0.0832663315436653,4.512145031299549,10,128,0.2872593278531044,125,36,49,79,112,0.28125,0.3828125,0.6171875,0.875,2,vgg16_bn,128.0,0.28125,0.3828125,0.6171875,0.875,1.0
features.10,conv,6,128,1,False,0,112,112,1024,11.46610300752903,26.112270339423887,0.2040021120267491,39.6361908492953,0.3096577410101195,10.658090437589166,0.0832663315436653,4.512145031299549,10,128,0.2872593278531044,125,36,49,79,112,0.28125,0.3828125,0.6171875,0.875,5,vgg16_bn,128.0,0.28125,0.3828125,0.6171875,0.875,1.0
features.10,conv,6,128,1,False,0,112,112,2048,12.05705731593333,26.22450468915444,0.204878942884019,40.02279202134265,0.3126780626667395,10.98936830819395,0.0858544399077652,4.440701660181928,10,128,0.2809367851569214,125,37,49,81,113,0.2890625,0.3828125,0.6328125,0.8828125,10,vgg16_bn,128.0,0.2890625,0.3828125,0.6328125,0.8828125,1.0
features.10,conv,6,128,1,False,0,112,112,4096,12.0582826610465,26.34649935927152,0.2058320262443087,40.19894104843003,0.3140542269408596,11.18712470479109,0.0873994117561803,4.419791553556415,10,128,0.2792494429616806,125,37,50,81,113,0.2890625,0.390625,0.6328125,0.8828125,25,vgg16_bn,128.0,0.2890625,0.390625,0.6328125,0.8828125,1.0
features.10,conv,6,128,1,False,0,112,112,7168,12.356206815309744,26.54747979346369,0.2074021858864351,40.46234319236751,0.3161120561903712,11.369005923418438,0.0888203587767065,4.400950185027922,10,128,0.2773728857535757,125,37,50,82,113,0.2890625,0.390625,0.640625,0.8828125,50,vgg16_bn,128.0,0.2890625,0.390625,0.640625,0.8828125,1.0
features.10,conv,6,128,1,False,0,112,112,13312,12.4459504103875,26.64839786660897,0.2081906083328826,40.65545422714744,0.3176207361495893,11.313139837341073,0.0883839049792271,4.387915691825776,10,128,0.2763027567393663,125,38,50,82,114,0.296875,0.390625,0.640625,0.890625,100,vgg16_bn,128.0,0.296875,0.390625,0.640625,0.890625,1.0
features.10,conv,6,128,1,False,0,112,112,32768,12.479806917455145,26.463758218949778,0.2067481110855451,40.58157507140884,0.3170435552453816,11.182919422705396,0.0873665579898859,4.379782278301023,10,128,0.2755007125797131,125,38,51,82,114,0.296875,0.3984375,0.640625,0.890625,250,vgg16_bn,128.0,0.296875,0.3984375,0.640625,0.890625,1.0
features.12,act,7,128,1,False,0,112,112,1024,2.821511240648734,46.46675996210585,0.3630215622039519,69.16664491690906,0.5403644134133521,16.892740576917692,0.1319745357571694,2.620624055245017,10,128,0.1094220320665635,123,70,88,112,122,0.546875,0.6875,0.875,0.953125,1,vgg16_bn,,,,,,
features.12,act,7,128,1,False,0,112,112,1024,2.821511240648734,46.46675996210585,0.3630215622039519,69.16664491690906,0.5403644134133521,16.892740576917692,0.1319745357571694,2.620624055245017,10,128,0.1094220320665635,123,70,88,112,122,0.546875,0.6875,0.875,0.953125,2,vgg16_bn,,,,,,
features.12,act,7,128,1,False,0,112,112,1024,2.821511240648734,46.46675996210585,0.3630215622039519,69.16664491690906,0.5403644134133521,16.892740576917692,0.1319745357571694,2.620624055245017,10,128,0.1094220320665635,123,70,88,112,122,0.546875,0.6875,0.875,0.953125,5,vgg16_bn,,,,,,
features.12,act,7,128,1,False,0,112,112,2048,2.885332822791538,47.5850580832164,0.3717582662751281,71.31466881453592,0.5571458501135619,17.01454086497234,0.1329261005075964,3.0673746949493195,10,128,0.1084625568717693,123,73,91,114,122,0.5703125,0.7109375,0.890625,0.953125,10,vgg16_bn,,,,,,
features.12,act,7,128,1,False,0,112,112,4096,2.913224298317381,48.23764691655796,0.3768566165356091,72.40504759318392,0.5656644343217494,17.047227971577644,0.1331814685279503,2.4475672307094616,10,128,0.1029825801662092,123,74,93,114,122,0.578125,0.7265625,0.890625,0.953125,25,vgg16_bn,,,,,,
features.12,act,7,128,1,False,0,112,112,7168,3.0076899912877577,49.50046380000301,0.3867223734375235,73.50282323886469,0.5742408065536304,17.737564141714984,0.1385747198571483,2.4579303630857474,10,128,0.0992140398190917,123,75,93,115,122,0.5859375,0.7265625,0.8984375,0.953125,50,vgg16_bn,,,,,,
features.12,act,7,128,1,False,0,112,112,13312,3.045156192390404,49.91089015971828,0.389928829372799,73.93097473754563,0.5775857401370752,18.066535437630428,0.1411448081064877,2.9654596976954024,10,128,0.1055290436838071,123,76,94,115,122,0.59375,0.734375,0.8984375,0.953125,100,vgg16_bn,,,,,,
features.12,act,7,128,1,False,0,112,112,32768,3.082592093664562,50.23974877086555,0.3924980372723871,74.33486267455045,0.5807411146449254,18.192135130102837,0.1421260557039284,1.22343487994946,10,128,0.9598300529004852,123,76,94,115,122,0.59375,0.734375,0.8984375,0.953125,250,vgg16_bn,,,,,,
features.14,conv,8,256,1,False,0,56,56,1024,31.826818897434627,30.135119918200186,0.1177153121804694,53.757739396909145,0.2099911695191763,9.222995489191828,0.0360273261296555,3.869165062139287,10,256,0.3501527318088272,252,54,75,134,205,0.2109375,0.29296875,0.5234375,0.80078125,1,vgg16_bn,256.0,0.2109375,0.29296875,0.5234375,0.80078125,1.0
features.14,conv,8,256,1,False,0,56,56,1024,31.826818897434627,30.135119918200186,0.1177153121804694,53.757739396909145,0.2099911695191763,9.222995489191828,0.0360273261296555,3.869165062139287,10,256,0.3501527318088272,252,54,75,134,205,0.2109375,0.29296875,0.5234375,0.80078125,2,vgg16_bn,256.0,0.2109375,0.29296875,0.5234375,0.80078125,1.0
features.14,conv,8,256,1,False,0,56,56,2048,33.50102735072027,31.085594953003778,0.121428105285171,55.18507214715235,0.2155666880748138,9.76707147098912,0.0381526229335512,3.7854212931122606,10,256,0.3413128598315297,252,55,78,138,210,0.21484375,0.3046875,0.5390625,0.8203125,5,vgg16_bn,256.0,0.21484375,0.3046875,0.5390625,0.8203125,1.0
features.14,conv,8,256,1,False,0,56,56,3072,33.46702399758862,31.558732279287728,0.1232762979659676,55.788514100627886,0.2179238832055776,10.074782122688546,0.0393546176667521,3.7549272038967336,10,256,0.3378737459534138,252,56,79,140,211,0.21875,0.30859375,0.546875,0.82421875,10,vgg16_bn,256.0,0.21875,0.30859375,0.546875,0.82421875,1.0
features.14,conv,8,256,1,False,0,56,56,7168,35.03842048094666,31.312208194397524,0.1223133132593653,56.04436598205759,0.2189233046174124,9.745336042218636,0.0380677189149165,3.725514185377561,10,256,0.3348626102636642,252,56,80,142,213,0.21875,0.3125,0.5546875,0.83203125,25,vgg16_bn,256.0,0.21875,0.3125,0.5546875,0.83203125,1.0
features.14,conv,8,256,1,False,0,56,56,13312,35.68974759118007,31.190221826756968,0.1218368040107694,56.14329311713868,0.2193097387388229,9.62309586193477,0.0375902182106826,3.712715803786885,10,256,0.3334829445571166,252,57,80,142,213,0.22265625,0.3125,0.5546875,0.83203125,50,vgg16_bn,256.0,0.22265625,0.3125,0.5546875,0.83203125,1.0
features.14,conv,8,256,1,False,0,56,56,25600,35.92223173568917,31.335288891645902,0.1224034722329918,56.34406800358714,0.2200940156390122,9.64282689157886,0.0376672925452299,3.704484064883815,10,256,0.3325998293502301,252,57,80,143,214,0.22265625,0.3125,0.55859375,0.8359375,100,vgg16_bn,256.0,0.22265625,0.3125,0.55859375,0.8359375,1.0
features.14,conv,8,256,1,False,0,56,56,64512,35.72715825460413,31.08324525677409,0.1214189267842738,56.12391260938361,0.2192340336304047,9.52798720549427,0.0372187000214619,3.704467676762958,10,256,0.3324559632837304,252,57,80,143,214,0.22265625,0.3125,0.55859375,0.8359375,250,vgg16_bn,256.0,0.22265625,0.3125,0.55859375,0.8359375,1.0
features.16,act,9,256,1,False,0,56,56,1024,3.268991899251473,70.85167461101119,0.2767643539492624,115.33240916543846,0.450517223302494,22.32348388345294,0.087201108919738,2.3953622138816155,10,256,0.1413859254086451,247,120,158,214,240,0.46875,0.6171875,0.8359375,0.9375,1,vgg16_bn,,,,,,
features.16,act,9,256,1,False,0,56,56,1024,3.268991899251473,70.85167461101119,0.2767643539492624,115.33240916543846,0.450517223302494,22.32348388345294,0.087201108919738,2.3953622138816155,10,256,0.1413859254086451,247,120,158,214,240,0.46875,0.6171875,0.8359375,0.9375,2,vgg16_bn,,,,,,
features.16,act,9,256,1,False,0,56,56,2048,3.3879270563224395,76.11687605269246,0.2973315470808299,123.14237521288985,0.4810249031753509,24.33008811941802,0.0950394067164766,2.678610950054813,10,256,0.1265169043951561,247,130,169,221,241,0.5078125,0.66015625,0.86328125,0.94140625,5,vgg16_bn,,,,,,
features.16,act,9,256,1,False,0,56,56,3072,3.3788297523404367,76.70341102100545,0.2996226993008025,124.96540638630948,0.4881461186965213,24.439102327849263,0.0954652434681612,2.234935426904282,10,256,0.1219253882276073,247,134,173,223,241,0.5234375,0.67578125,0.87109375,0.94140625,10,vgg16_bn,,,,,,
features.16,act,9,256,1,False,0,56,56,7168,3.46263601466983,78.99394929843419,0.3085701144470085,128.28292043468232,0.5011051579479778,25.490517325549263,0.0995723333029268,2.1865869930923743,10,256,0.1172494226489633,247,138,177,225,242,0.5390625,0.69140625,0.87890625,0.9453125,25,vgg16_bn,,,,,,
features.16,act,9,256,1,False,0,56,56,13312,3.485051826218569,79.58525304298168,0.3108798946991472,129.17110418536032,0.5045746257240638,25.66496974876977,0.1002537880811319,2.393448247016428,10,256,0.1137733289624491,247,139,178,225,242,0.54296875,0.6953125,0.87890625,0.9453125,50,vgg16_bn,,,,,,
features.16,act,9,256,1,False,0,56,56,25600,3.5189244310996752,79.95199370608992,0.3123124754144137,129.6791047252194,0.5065590028328882,25.508882835851484,0.0996440735775448,1.9423843621541288,10,256,0.1218011473676653,247,140,179,226,242,0.546875,0.69921875,0.8828125,0.9453125,100,vgg16_bn,,,,,,
features.16,act,9,256,1,False,0,56,56,64512,3.4901688168793434,79.89522624480104,0.312090727518754,129.80272151588042,0.5070418809214079,25.354374845343003,0.0990405267396211,2.144949949946777,10,256,0.1165944777782108,247,141,179,226,242,0.55078125,0.69921875,0.8828125,0.9453125,250,vgg16_bn,,,,,,
features.17,conv,10,256,1,False,0,56,56,1024,15.141383705251029,35.484714062751856,0.1386121643076244,66.58626156305714,0.2601025842306919,9.962540075551225,0.0389161721701219,2.2115885882889117,10,256,0.9342521868101278,256,69,99,171,235,0.26953125,0.38671875,0.66796875,0.91796875,1,vgg16_bn,256.0,0.26953125,0.38671875,0.66796875,0.91796875,1.0
features.17,conv,10,256,1,False,0,56,56,1024,15.141383705251029,35.484714062751856,0.1386121643076244,66.58626156305714,0.2601025842306919,9.962540075551225,0.0389161721701219,2.2115885882889117,10,256,0.9342521868101278,256,69,99,171,235,0.26953125,0.38671875,0.66796875,0.91796875,2,vgg16_bn,256.0,0.26953125,0.38671875,0.66796875,0.91796875,1.0
features.17,conv,10,256,1,False,0,56,56,2048,15.83566228410794,37.05607326542285,0.144750286193058,69.22160735657825,0.2703969037366338,10.501736765554988,0.0410224092404491,2.123042930846655,10,256,0.940028052756846,256,72,104,178,239,0.28125,0.40625,0.6953125,0.93359375,5,vgg16_bn,256.0,0.28125,0.40625,0.6953125,0.93359375,1.0
features.17,conv,10,256,1,False,0,56,56,3072,15.957425633593038,37.29250754863924,0.145673857611872,69.89226276954865,0.2730166514435494,10.705677030466063,0.041819050900258,2.0933452954368703,10,256,0.9414191709155512,256,73,105,180,240,0.28515625,0.41015625,0.703125,0.9375,10,vgg16_bn,256.0,0.28515625,0.41015625,0.703125,0.9375,1.0
features.17,conv,10,256,1,False,0,56,56,7168,16.68197733076953,36.6006924626892,0.1429714549323796,69.93386490348213,0.2731791597792271,10.271233342936563,0.0401220052458459,2.0613054944462013,10,256,0.94343834254222,256,74,107,182,241,0.2890625,0.41796875,0.7109375,0.94140625,25,vgg16_bn,256.0,0.2890625,0.41796875,0.7109375,0.94140625,1.0
features.17,conv,10,256,1,False,0,56,56,13312,16.757607440856102,37.08150276682867,0.1448496201829245,70.51421517618749,0.2754461530319824,10.408435142170465,0.0406579497741033,2.0505313297477183,10,256,0.9443818931910274,256,74,108,183,241,0.2890625,0.421875,0.71484375,0.94140625,50,vgg16_bn,256.0,0.2890625,0.421875,0.71484375,0.94140625,1.0
features.17,conv,10,256,1,False,0,56,56,25600,16.770627861812756,37.55408019847248,0.1466956257752831,71.0552841462441,0.277559703696266,10.542390842222543,0.0411812142274318,2.0434686811301197,10,256,0.9445425605164216,256,75,108,184,241,0.29296875,0.421875,0.71875,0.94140625,100,vgg16_bn,256.0,0.29296875,0.421875,0.71875,0.94140625,1.0
features.17,conv,10,256,1,False,0,56,56,64512,16.65897405457966,37.40288842979199,0.1461050329288749,71.01755773601214,0.2774123349062974,10.472303391874457,0.0409074351245095,2.040082398837867,10,256,0.9447423118771482,256,75,108,184,241,0.29296875,0.421875,0.71875,0.94140625,250,vgg16_bn,256.0,0.29296875,0.421875,0.71875,0.94140625,1.0
features.19,act,11,256,1,False,0,56,56,1024,2.972393390836372,83.22207245052289,0.325086220509855,134.08195870939696,0.5237576512085819,24.516574504247902,0.0957678691572183,1.3090528902025784,10,256,0.8761831900332162,256,140,179,231,252,0.546875,0.69921875,0.90234375,0.984375,1,vgg16_bn,,,,,,
features.19,act,11,256,1,False,0,56,56,1024,2.972393390836372,83.22207245052289,0.325086220509855,134.08195870939696,0.5237576512085819,24.516574504247902,0.0957678691572183,1.3090528902025784,10,256,0.8761831900332162,256,140,179,231,252,0.546875,0.69921875,0.90234375,0.984375,2,vgg16_bn,,,,,,
features.19,act,11,256,1,False,0,56,56,2048,3.1635064245804703,87.6366797128282,0.3423307801282351,142.6646188013957,0.557283667192952,24.885006118715346,0.0972070551512318,1.1616685286743524,10,256,0.8872094929823466,256,153,191,238,253,0.59765625,0.74609375,0.9296875,0.98828125,5,vgg16_bn,,,,,,
features.19,act,11,256,1,False,0,56,56,3072,3.203187035614949,89.40626552908255,0.3492432247229787,145.4830470867556,0.568293152682639,25.71172466345805,0.1004364244666329,1.1190429481033,10,256,0.8757170754075411,256,157,195,239,253,0.61328125,0.76171875,0.93359375,0.98828125,10,vgg16_bn,,,,,,
features.19,act,11,256,1,False,0,56,56,7168,3.2935410469440907,91.55116347860093,0.3576217323382848,148.9772538096578,0.5819423976939758,25.873384707643183,0.1010679090142311,1.0678141027272965,10,256,0.8686981087411404,256,162,200,241,253,0.6328125,0.78125,0.94140625,0.98828125,25,vgg16_bn,,,,,,
features.19,act,11,256,1,False,0,56,56,13312,3.3470202913996863,92.11890005660209,0.3598394533461019,150.0545134856202,0.5861504433032039,25.99063981049123,0.1015259367597313,1.0496853389894558,10,256,0.8689785922725881,256,164,201,241,253,0.640625,0.78515625,0.94140625,0.98828125,50,vgg16_bn,,,,,,
features.19,act,11,256,1,False,0,56,56,25600,3.3905014896269066,92.36287281566725,0.3607924719362002,150.4598630198769,0.5877338399213942,26.25041153916609,0.1025406700748675,1.0418804523457128,10,256,0.8702287792018645,256,165,202,242,253,0.64453125,0.7890625,0.9453125,0.98828125,100,vgg16_bn,,,,,,
features.19,act,11,256,1,False,0,56,56,64512,3.3698415951847966,92.72437893725797,0.3622046052236639,151.063580331715,0.5900921106707617,26.091425486817293,0.10191963080788,1.0346306331788762,10,256,0.8648362062977579,256,166,203,242,253,0.6484375,0.79296875,0.9453125,0.98828125,250,vgg16_bn,,,,,,
features.20,conv,12,256,1,False,0,56,56,1024,15.339797686272004,47.38417199825325,0.1850944218681767,80.76898178964129,0.3155038351157863,13.815313587576048,0.0539660687014689,2.059200320255738,10,256,0.9330922799316418,256,81,113,185,241,0.31640625,0.44140625,0.72265625,0.94140625,1,vgg16_bn,256.0,0.31640625,0.44140625,0.72265625,0.94140625,1.0
features.20,conv,12,256,1,False,0,56,56,1024,15.339797686272004,47.38417199825325,0.1850944218681767,80.76898178964129,0.3155038351157863,13.815313587576048,0.0539660687014689,2.059200320255738,10,256,0.9330922799316418,256,81,113,185,241,0.31640625,0.44140625,0.72265625,0.94140625,2,vgg16_bn,256.0,0.31640625,0.44140625,0.72265625,0.94140625,1.0
features.20,conv,12,256,1,False,0,56,56,2048,16.065846062894522,47.10113907761717,0.183988824521942,83.06372659975803,0.3244676820303048,12.658370091122295,0.0494467581684464,1.9578808302351327,10,256,0.9400130068555408,256,85,119,192,244,0.33203125,0.46484375,0.75,0.953125,5,vgg16_bn,256.0,0.33203125,0.46484375,0.75,0.953125,1.0
features.20,conv,12,256,1,False,0,56,56,3072,15.916616225282668,48.64032119417558,0.1900012546647483,84.69144561495115,0.3308259594334029,13.30288085283667,0.0519643783313932,1.9294429286308687,10,256,0.9426749519977532,256,86,120,194,245,0.3359375,0.46875,0.7578125,0.95703125,10,vgg16_bn,256.0,0.3359375,0.46875,0.7578125,0.95703125,1.0
features.20,conv,12,256,1,False,0,56,56,7168,16.269073266988872,48.90232451928404,0.1910247051534533,85.84905386653746,0.3353478666661619,13.082691577954424,0.0511042639763844,1.8931662263258973,10,256,0.945235958323354,256,88,123,197,246,0.34375,0.48046875,0.76953125,0.9609375,25,vgg16_bn,256.0,0.34375,0.48046875,0.76953125,0.9609375,1.0
features.20,conv,12,256,1,False,0,56,56,13312,16.481472005744592,48.44135123876442,0.1892240282764235,85.97235397958053,0.3358295077327364,12.689277080304729,0.0495674885949403,1.879935752019631,10,256,0.9457871176966524,256,88,124,198,247,0.34375,0.484375,0.7734375,0.96484375,50,vgg16_bn,256.0,0.34375,0.484375,0.7734375,0.96484375,1.0
features.20,conv,12,256,1,False,0,56,56,25600,16.563190667976677,48.5833830343832,0.1897788399780594,86.12991421328661,0.3364449773956508,12.75592502984424,0.049827832147829,1.874200832463,10,256,0.946514345154012,256,88,124,199,247,0.34375,0.484375,0.77734375,0.96484375,100,vgg16_bn,256.0,0.34375,0.484375,0.77734375,0.96484375,1.0
features.20,conv,12,256,1,False,0,56,56,64512,16.502395282455442,48.41353614137001,0.1891153755522266,86.14881306818073,0.336518801047581,12.61731425381904,0.0492863838039806,1.8701835694477016,10,256,0.9469774360561728,256,88,124,199,247,0.34375,0.484375,0.77734375,0.96484375,250,vgg16_bn,256.0,0.34375,0.484375,0.77734375,0.96484375,1.0
features.22,act,13,256,1,False,0,56,56,1024,3.4403621052716837,95.3058764371201,0.3722885798325004,147.2429055235679,0.5751675997014372,26.59575968341636,0.1038896862633451,1.1909804926505076,10,256,0.9303800503649826,256,149,187,235,254,0.58203125,0.73046875,0.91796875,0.9921875,1,vgg16_bn,,,,,,
features.22,act,13,256,1,False,0,56,56,1024,3.4403621052716837,95.3058764371201,0.3722885798325004,147.2429055235679,0.5751675997014372,26.59575968341636,0.1038896862633451,1.1909804926505076,10,256,0.9303800503649826,256,149,187,235,254,0.58203125,0.73046875,0.91796875,0.9921875,2,vgg16_bn,,,,,,
features.22,act,13,256,1,False,0,56,56,2048,3.534925406054068,106.2017210859918,0.4148504729921555,159.77217572592218,0.6241100614293835,32.129673318936206,0.1255065364020945,1.0385559812662648,10,256,0.9561740939216136,256,164,200,242,255,0.640625,0.78125,0.9453125,0.99609375,5,vgg16_bn,,,,,,
features.22,act,13,256,1,False,0,56,56,3072,3.536715963929341,109.2367236270018,0.4267059516679758,163.6969140263752,0.6394410704155281,32.649855815986776,0.1275384992811983,0.9833931854776649,10,256,0.9669847053283862,256,169,205,243,255,0.66015625,0.80078125,0.94921875,0.99609375,10,vgg16_bn,,,,,,
features.22,act,13,256,1,False,0,56,56,7168,3.6165029528963073,111.9820228754924,0.4374297768573921,167.59313320448908,0.6546606765800355,33.67536013431224,0.1315443755246572,0.9252112273778272,10,256,0.9760279496621052,256,175,209,245,255,0.68359375,0.81640625,0.95703125,0.99609375,25,vgg16_bn,,,,,,
features.22,act,13,256,1,False,0,56,56,13312,3.6740313777268887,113.79684232288528,0.4445189153237706,169.5577820212023,0.6623350860203215,34.90095363700456,0.136331850144549,0.9007541743724284,10,256,0.9814726801463024,256,178,212,246,255,0.6953125,0.828125,0.9609375,0.99609375,50,vgg16_bn,,,,,,
features.22,act,13,256,1,False,0,56,56,25600,3.713483056521519,114.78647588509848,0.4483846714261659,170.5848473959064,0.6663470601402594,35.229480464039284,0.1376151580626534,0.8901324667100559,10,256,0.9812949683907092,256,179,213,246,255,0.69921875,0.83203125,0.9609375,0.99609375,100,vgg16_bn,,,,,,
features.22,act,13,256,1,False,0,56,56,64512,3.6958778123690585,114.87209516524838,0.4487191217392515,171.00957584502214,0.6680061556446177,34.850763231647264,0.1361357938736221,0.8811887691313938,10,256,0.9832116117682856,256,180,213,246,255,0.703125,0.83203125,0.9609375,0.99609375,250,vgg16_bn,,,,,,
features.24,conv,14,512,1,False,0,28,28,1024,45.37124001280653,47.87800521063704,0.0935117289270254,102.54201786389656,0.2002773786404229,10.491570963794016,0.0204913495386601,2.385044881553529,10,512,0.906911124659199,512,110,159,285,430,0.21484375,0.310546875,0.556640625,0.83984375,1,vgg16_bn,512.0,0.21484375,0.310546875,0.556640625,0.83984375,1.0
features.24,conv,14,512,1,False,0,28,28,1024,45.37124001280653,47.87800521063704,0.0935117289270254,102.54201786389656,0.2002773786404229,10.491570963794016,0.0204913495386601,2.385044881553529,10,512,0.906911124659199,512,110,159,285,430,0.21484375,0.310546875,0.556640625,0.83984375,2,vgg16_bn,512.0,0.21484375,0.310546875,0.556640625,0.83984375,1.0
features.24,conv,14,512,1,False,0,28,28,3072,46.458026227215065,50.19926688573543,0.098045443136202,110.46269450328496,0.2157474502017284,10.742523149403691,0.020981490526179,2.1485976736414694,10,512,0.9260424354950026,512,120,176,317,460,0.234375,0.34375,0.619140625,0.8984375,5,vgg16_bn,512.0,0.234375,0.34375,0.619140625,0.8984375,1.0
features.24,conv,14,512,1,False,0,28,28,5120,47.30743842721597,51.34389414033521,0.1002810432428422,112.21113727403568,0.2191623774883509,11.077270562288726,0.0216352940669701,2.10794898511104,10,512,0.928560853850524,512,122,179,324,464,0.23828125,0.349609375,0.6328125,0.90625,10,vgg16_bn,512.0,0.23828125,0.349609375,0.6328125,0.90625,1.0
features.24,conv,14,512,1,False,0,28,28,13312,48.23961343049477,50.74075824078769,0.0991030434390384,113.25151939596329,0.2211943738202407,10.751481756427792,0.020998987805523,2.0717751634237342,10,512,0.9303579044007768,512,124,183,330,468,0.2421875,0.357421875,0.64453125,0.9140625,25,vgg16_bn,512.0,0.2421875,0.357421875,0.64453125,0.9140625,1.0
features.24,conv,14,512,1,False,0,28,28,25600,48.652046364888434,51.71443437733069,0.101004754643224,114.42909825780524,0.2234943325347758,10.96143296768476,0.0214090487650093,2.0615002634830724,10,512,0.9307963955536545,512,125,184,332,469,0.244140625,0.359375,0.6484375,0.916015625,50,vgg16_bn,512.0,0.244140625,0.359375,0.6484375,0.916015625,1.0
features.24,conv,14,512,1,False,0,28,28,51200,48.32647002264935,51.13651338682125,0.0998760027086352,114.1510099780086,0.222951191363298,10.806790965775576,0.0211070136050304,2.0562772482204883,10,512,0.9311894466253988,512,125,184,333,469,0.244140625,0.359375,0.650390625,0.916015625,100,vgg16_bn,512.0,0.244140625,0.359375,0.650390625,0.916015625,1.0
features.24,conv,14,512,1,False,0,28,28,128000,48.18880640890378,51.57128440391993,0.1007251648514061,114.50483877956876,0.2236422632413452,10.928203643144666,0.0213441477405169,2.053824420207356,10,512,0.931436068505834,512,125,185,333,470,0.244140625,0.361328125,0.650390625,0.91796875,250,vgg16_bn,512.0,0.244140625,0.361328125,0.650390625,0.91796875,1.0
features.26,act,15,512,1,False,0,28,28,1024,5.033540301308952,135.3469732475222,0.2643495571240668,233.16741143464404,0.4554051004582891,31.819198674724152,0.0621468724115706,1.4207997495269076,10,512,0.8755824336587381,512,244,316,432,497,0.4765625,0.6171875,0.84375,0.970703125,1,vgg16_bn,,,,,,
features.26,act,15,512,1,False,0,28,28,1024,5.033540301308952,135.3469732475222,0.2643495571240668,233.16741143464404,0.4554051004582891,31.819198674724152,0.0621468724115706,1.4207997495269076,10,512,0.8755824336587381,512,244,316,432,497,0.4765625,0.6171875,0.84375,0.970703125,2,vgg16_bn,,,,,,
features.26,act,15,512,1,False,0,28,28,3072,5.181776403783456,155.69510997901054,0.3040920116777549,275.25241269170186,0.5376023685384802,32.29489950384543,0.0630759755934481,1.069191863393319,10,512,0.935169219565276,512,303,380,474,507,0.591796875,0.7421875,0.92578125,0.990234375,5,vgg16_bn,,,,,,
features.26,act,15,512,1,False,0,28,28,5120,5.2439482686702,161.82416334385047,0.3160628190309579,285.6065441755938,0.5578252815929566,33.706209098934174,0.0658324396463558,1.001206919167781,10,512,0.945194105828784,512,318,393,479,507,0.62109375,0.767578125,0.935546875,0.990234375,10,vgg16_bn,,,,,,
features.26,act,15,512,1,False,0,28,28,13312,5.375961587576698,167.60446281592493,0.3273524664373534,295.3469412790406,0.5768494946856262,33.91416950851047,0.0662386123213095,0.9411706243420545,10,512,0.951863220799353,512,333,405,484,508,0.650390625,0.791015625,0.9453125,0.9921875,25,vgg16_bn,,,,,,
features.26,act,15,512,1,False,0,28,28,25600,5.421065845584864,169.8499488552622,0.331738181357934,298.6047328572401,0.5832123688617971,34.41224088026098,0.0672114079692597,0.9230466163182928,10,512,0.9522403916111494,512,337,409,485,508,0.658203125,0.798828125,0.947265625,0.9921875,50,vgg16_bn,,,,,,
features.26,act,15,512,1,False,0,28,28,51200,5.419308490962338,170.3624900310305,0.3327392383418564,299.998185767124,0.5859339565764141,34.20708669117263,0.0668107161936965,0.913206965164584,10,512,0.9533373652812434,512,340,411,485,508,0.6640625,0.802734375,0.947265625,0.9921875,100,vgg16_bn,,,,,,
features.26,act,15,512,1,False,0,28,28,128000,5.388336659337862,171.09554444319951,0.334170985240624,301.2343502156355,0.5883483402649131,34.233100516003844,0.06686152444532,0.9050775934869718,10,512,0.9544819311523188,512,341,412,486,508,0.666015625,0.8046875,0.94921875,0.9921875,250,vgg16_bn,,,,,,
features.27,conv,16,512,1,False,0,28,28,1024,24.638954122395106,42.46762770432287,0.0829445853600056,106.61520555908994,0.2082328233575975,8.974398190807229,0.0175281214664203,2.1151906250021946,10,512,0.8732045999505562,512,129,189,328,457,0.251953125,0.369140625,0.640625,0.892578125,1,vgg16_bn,512.0,0.251953125,0.369140625,0.640625,0.892578125,1.0
features.27,conv,16,512,1,False,0,28,28,1024,24.638954122395106,42.46762770432287,0.0829445853600056,106.61520555908994,0.2082328233575975,8.974398190807229,0.0175281214664203,2.1151906250021946,10,512,0.8732045999505562,512,129,189,328,457,0.251953125,0.369140625,0.640625,0.892578125,2,vgg16_bn,512.0,0.251953125,0.369140625,0.640625,0.892578125,1.0
features.27,conv,16,512,1,False,0,28,28,3072,24.855887432916138,45.56042694156065,0.0889852088702356,118.65227963527788,0.2317427336626521,9.24245822277721,0.0180516762163617,1.8499148149331963,10,512,0.8869239517657044,512,147,218,371,481,0.287109375,0.42578125,0.724609375,0.939453125,5,vgg16_bn,512.0,0.287109375,0.42578125,0.724609375,0.939453125,1.0
features.27,conv,16,512,1,False,0,28,28,5120,25.315637389832236,46.95945013958717,0.0917176760538811,121.75047728376144,0.2377939009448465,9.498581879533551,0.0185519177334639,1.8034309113078224,10,512,0.8868736485607166,512,152,225,380,484,0.296875,0.439453125,0.7421875,0.9453125,10,vgg16_bn,512.0,0.296875,0.439453125,0.7421875,0.9453125,1.0
features.27,conv,16,512,1,False,0,28,28,13312,25.61514634681317,46.8797183900088,0.0915619499804859,123.72020227392348,0.2416410200662568,9.349313875794865,0.0182603786636618,1.7637529548845357,10,512,0.8885846062776405,512,156,231,387,487,0.3046875,0.451171875,0.755859375,0.951171875,25,vgg16_bn,512.0,0.3046875,0.451171875,0.755859375,0.951171875,1.0
features.27,conv,16,512,1,False,0,28,28,25600,25.892408850509675,47.21241259270539,0.0922117433451277,124.47901721243149,0.2431230804930302,9.403173149685207,0.0183655725579789,1.7524345703496236,10,512,0.8875863757188488,512,157,233,389,487,0.306640625,0.455078125,0.759765625,0.951171875,50,vgg16_bn,512.0,0.306640625,0.455078125,0.759765625,0.951171875,1.0
features.27,conv,16,512,1,False,0,28,28,51200,25.878525130442405,47.32262681774358,0.0924270055034054,124.8005504132378,0.2437510750258551,9.424473329357124,0.0184071744714006,1.747062266019135,10,512,0.8870369476504152,512,157,234,390,488,0.306640625,0.45703125,0.76171875,0.953125,100,vgg16_bn,512.0,0.306640625,0.45703125,0.76171875,0.953125,1.0
features.27,conv,16,512,1,False,0,28,28,128000,25.81458912568556,47.353431008309535,0.0924871699381045,124.90097416121334,0.2439472151586198,9.43336595426001,0.018424542879414,1.7442772334376786,10,512,0.8867444555301054,512,158,234,391,488,0.30859375,0.45703125,0.763671875,0.953125,250,vgg16_bn,512.0,0.30859375,0.45703125,0.763671875,0.953125,1.0
features.29,act,17,512,1,False,0,28,28,1024,4.006849784888363,131.79424077794144,0.2574106265194169,235.6733404899433,0.4602994931444205,28.136609246142896,0.0549543149338728,1.4231180462948527,10,512,0.7704055958589859,512,251,322,434,495,0.490234375,0.62890625,0.84765625,0.966796875,1,vgg16_bn,,,,,,
features.29,act,17,512,1,False,0,28,28,1024,4.006849784888363,131.79424077794144,0.2574106265194169,235.6733404899433,0.4602994931444205,28.136609246142896,0.0549543149338728,1.4231180462948527,10,512,0.7704055958589859,512,251,322,434,495,0.490234375,0.62890625,0.84765625,0.966796875,2,vgg16_bn,,,,,,
features.29,act,17,512,1,False,0,28,28,3072,4.095363407081797,162.2587064958357,0.3169115361246791,288.80808481256105,0.5640782906495333,32.18295374738221,0.0628573315378558,1.039003948468461,10,512,0.7267271150175392,512,318,391,476,504,0.62109375,0.763671875,0.9296875,0.984375,5,vgg16_bn,,,,,,
features.29,act,17,512,1,False,0,28,28,5120,4.197894882061799,169.81997715800847,0.3316796428867353,301.2427854561593,0.5883648153440612,33.23743448231051,0.0649168642232627,0.9601391948438888,10,512,0.7064892804571301,512,335,405,482,505,0.654296875,0.791015625,0.94140625,0.986328125,10,vgg16_bn,,,,,,
features.29,act,17,512,1,False,0,28,28,13312,4.230199808113761,178.84596044518472,0.3493085164945014,314.29698821240646,0.6138613051023564,34.68935320908519,0.0677526429864945,0.8864176390741483,10,512,0.682083030857832,512,353,419,486,505,0.689453125,0.818359375,0.94921875,0.986328125,25,vgg16_bn,,,,,,
features.29,act,17,512,1,False,0,28,28,25600,4.251393424777247,179.86293297756887,0.3512947909718142,317.37423899925216,0.6198715605454144,34.57569958289208,0.067530663247836,0.8631138924834988,10,512,0.6652758441194344,512,359,423,487,505,0.701171875,0.826171875,0.951171875,0.986328125,50,vgg16_bn,,,,,,
features.29,act,17,512,1,False,0,28,28,51200,4.240768941361965,181.3190236273002,0.3541387180220707,319.3110247781778,0.6236543452698785,34.92657663042237,0.0682159699812936,0.8502715713453236,10,512,0.665377192092742,512,361,425,488,505,0.705078125,0.830078125,0.953125,0.986328125,100,vgg16_bn,,,,,,
features.29,act,17,512,1,False,0,28,28,128000,4.237105566717956,181.52700391204283,0.3545449295157086,320.1616442245491,0.6253157113760724,34.94324780502047,0.0682485308691806,0.8441815482794006,10,512,0.6522467079191014,512,363,427,488,505,0.708984375,0.833984375,0.953125,0.986328125,250,vgg16_bn,,,,,,
features.30,conv,18,512,1,False,0,28,28,1024,19.52320628699902,19.865932633767525,0.0388006496753271,86.17689240187123,0.1683142429724047,4.887832767353704,0.0095465483737377,2.0335027996490203,10,512,0.7434451892682437,512,137,203,343,463,0.267578125,0.396484375,0.669921875,0.904296875,1,vgg16_bn,512.0,0.267578125,0.396484375,0.669921875,0.904296875,1.0
features.30,conv,18,512,1,False,0,28,28,1024,19.52320628699902,19.865932633767525,0.0388006496753271,86.17689240187123,0.1683142429724047,4.887832767353704,0.0095465483737377,2.0335027996490203,10,512,0.7434451892682437,512,137,203,343,463,0.267578125,0.396484375,0.669921875,0.904296875,2,vgg16_bn,512.0,0.267578125,0.396484375,0.669921875,0.904296875,1.0
features.30,conv,18,512,1,False,0,28,28,3072,20.5378588999955,19.122028356052613,0.0373477116329152,92.91601368072766,0.1814765892201712,4.71678304858002,0.0092124668917578,1.7511573415767387,10,512,0.7312270265009999,512,158,235,388,486,0.30859375,0.458984375,0.7578125,0.94921875,5,vgg16_bn,512.0,0.30859375,0.458984375,0.7578125,0.94921875,1.0
features.30,conv,18,512,1,False,0,28,28,5120,21.04237883164268,18.89052769631781,0.0368955619068707,93.70816266253634,0.1830237552002662,4.676584313319463,0.009133953736952,1.7070636245047648,10,512,0.7202681037376774,512,163,242,396,488,0.318359375,0.47265625,0.7734375,0.953125,10,vgg16_bn,512.0,0.318359375,0.47265625,0.7734375,0.953125,1.0
features.30,conv,18,512,1,False,0,28,28,13312,21.1716301026238,19.442599235740943,0.0379738266323065,96.75869647750498,0.1889818290576269,4.748249962786946,0.0092739257085682,1.6623584584144868,10,512,0.7160504851181065,512,168,250,403,490,0.328125,0.48828125,0.787109375,0.95703125,25,vgg16_bn,512.0,0.328125,0.48828125,0.787109375,0.95703125,1.0
features.30,conv,18,512,1,False,0,28,28,25600,21.241176098516146,19.70173625119183,0.038479953615609,97.8999371760024,0.1912108147968796,4.784464564160055,0.0093446573518751,1.649718888332651,10,512,0.7093153826035069,512,170,253,406,491,0.33203125,0.494140625,0.79296875,0.958984375,50,vgg16_bn,512.0,0.33203125,0.494140625,0.79296875,0.958984375,1.0
features.30,conv,18,512,1,False,0,28,28,51200,21.22901064685516,19.725158418303074,0.0385257000357481,98.27104919130366,0.1919356429517649,4.786841706165491,0.0093493002073544,1.642249095104741,10,512,0.7088406488473935,512,171,254,407,491,0.333984375,0.49609375,0.794921875,0.958984375,100,vgg16_bn,512.0,0.333984375,0.49609375,0.794921875,0.958984375,1.0
features.30,conv,18,512,1,False,0,28,28,128000,21.16851824526551,19.807986989432138,0.0386874745887346,98.6351096271414,0.1926466984905105,4.797936436346446,0.0093709696022391,1.6392200484792003,10,512,0.705212324132467,512,172,255,408,491,0.3359375,0.498046875,0.796875,0.958984375,250,vgg16_bn,512.0,0.3359375,0.498046875,0.796875,0.958984375,1.0
features.32,act,19,512,1,False,0,28,28,1024,2.508628893392905,88.48210326388822,0.1728166079372816,214.2607358590092,0.4184779997246273,13.688014385093904,0.0267344030958865,1.4429669372262224,10,512,0.7290014459985663,510,244,314,427,492,0.4765625,0.61328125,0.833984375,0.9609375,1,vgg16_bn,,,,,,
features.32,act,19,512,1,False,0,28,28,1024,2.508628893392905,88.48210326388822,0.1728166079372816,214.2607358590092,0.4184779997246273,13.688014385093904,0.0267344030958865,1.4429669372262224,10,512,0.7290014459985663,510,244,314,427,492,0.4765625,0.61328125,0.833984375,0.9609375,2,vgg16_bn,,,,,,
features.32,act,19,512,1,False,0,28,28,3072,2.562509290228288,85.06713975937106,0.1661467573425216,249.82448076920693,0.4879384390023573,14.193932394182475,0.0277225242073876,1.0302660461183182,10,512,0.5770855884285202,512,316,388,474,503,0.6171875,0.7578125,0.92578125,0.982421875,5,vgg16_bn,,,,,,
features.32,act,19,512,1,False,0,28,28,5120,2.5481223168119524,98.95415589483734,0.1932698357321041,272.3052262983643,0.5318461451139928,14.68907643846513,0.0286896024188772,0.940259986097682,10,512,0.5244911356355717,512,337,406,481,504,0.658203125,0.79296875,0.939453125,0.984375,10,vgg16_bn,,,,,,
features.32,act,19,512,1,False,0,28,28,13312,2.5047916885559247,116.6718266319576,0.2278746613905422,296.4620019264891,0.579027347512674,16.32647364902215,0.0318876438457463,0.841342315326452,10,512,0.4775854391863374,512,360,424,487,505,0.703125,0.828125,0.951171875,0.986328125,25,vgg16_bn,,,,,,
features.32,act,19,512,1,False,0,28,28,25600,2.470566327258411,130.9212586733926,0.2557055833464699,313.5722177215776,0.6124457377374563,16.22257875461902,0.0316847241301152,0.8136985217612954,10,512,0.4451093864256129,512,370,431,489,505,0.72265625,0.841796875,0.955078125,0.986328125,50,vgg16_bn,,,,,,
features.32,act,19,512,1,False,0,28,28,51200,2.469996536684836,133.06256299697586,0.2598878183534684,316.9615799521477,0.6190655858440385,16.329998808048536,0.0318945289219698,0.7956984453346198,10,512,0.4446289766308224,512,374,434,490,505,0.73046875,0.84765625,0.95703125,0.986328125,100,vgg16_bn,,,,,,
features.32,act,19,512,1,False,0,28,28,128000,2.451951899196266,138.61238484062238,0.2707273141418406,321.90695433827824,0.6287245201919497,16.838550544043102,0.0328877940313341,0.7856335059957652,10,512,0.4334295211476188,512,377,436,491,505,0.736328125,0.8515625,0.958984375,0.986328125,250,vgg16_bn,,,,,,
features.34,conv,20,512,1,False,0,14,14,1024,25.57975931624397,33.54820110181777,0.0655238302769878,105.05070392745972,0.2051771561083197,7.126249098664781,0.0139184552708296,1.978587472697389,10,512,0.8986718212348196,512,141,204,342,465,0.275390625,0.3984375,0.66796875,0.908203125,1,vgg16_bn,512.0,0.275390625,0.3984375,0.66796875,0.908203125,1.0
features.34,conv,20,512,1,False,0,14,14,1024,25.57975931624397,33.54820110181777,0.0655238302769878,105.05070392745972,0.2051771561083197,7.126249098664781,0.0139184552708296,1.978587472697389,10,512,0.8986718212348196,512,141,204,342,465,0.275390625,0.3984375,0.66796875,0.908203125,2,vgg16_bn,512.0,0.275390625,0.3984375,0.66796875,0.908203125,1.0
features.34,conv,20,512,1,False,0,14,14,3072,25.157567556304443,38.46565142663604,0.0751282254426485,123.3947636027619,0.2410053976616443,7.708880567256698,0.0150564073579232,1.6525802923970383,10,512,0.93351158722051,512,170,246,396,492,0.33203125,0.48046875,0.7734375,0.9609375,5,vgg16_bn,512.0,0.33203125,0.48046875,0.7734375,0.9609375,1.0
features.34,conv,20,512,1,False,0,14,14,5120,25.27818276432768,38.99001780209581,0.0761523785197183,127.34284925512344,0.248716502451413,7.689674238286743,0.0150188949966537,1.5988921952842756,10,512,0.9393547737627372,512,177,255,406,495,0.345703125,0.498046875,0.79296875,0.966796875,10,vgg16_bn,512.0,0.345703125,0.498046875,0.79296875,0.966796875,1.0
features.34,conv,20,512,1,False,0,14,14,13312,25.8741252465361,39.49660043966346,0.0771417977337177,129.56957917544636,0.2530655843270437,7.750216473366025,0.015137141549543,1.5555502741124023,10,512,0.945144493015191,512,182,263,413,497,0.35546875,0.513671875,0.806640625,0.970703125,25,vgg16_bn,512.0,0.35546875,0.513671875,0.806640625,0.970703125,1.0
features.34,conv,20,512,1,False,0,14,14,25600,25.715562573277488,39.19772014571015,0.0765580471595901,130.76272566645582,0.2553959485672965,7.686096660039317,0.0150119075391392,1.5355425984405184,10,512,0.9449715444593034,512,185,267,416,498,0.361328125,0.521484375,0.8125,0.97265625,50,vgg16_bn,512.0,0.361328125,0.521484375,0.8125,0.97265625,1.0
features.34,conv,20,512,1,False,0,14,14,51200,25.58558492873913,39.440522481825205,0.0770322704723148,131.65080225592988,0.257130473156113,7.706827432114935,0.0150523973283494,1.526826325617503,10,512,0.9457806228510736,512,186,268,418,498,0.36328125,0.5234375,0.81640625,0.97265625,100,vgg16_bn,512.0,0.36328125,0.5234375,0.81640625,0.97265625,1.0
features.34,conv,20,512,1,False,0,14,14,128000,25.497125378929148,39.564670597267,0.0772747472602871,132.05403768973574,0.2579180423627651,7.72249313088532,0.0150829943962603,1.522093081328323,10,512,0.9461765497189546,512,187,269,418,498,0.365234375,0.525390625,0.81640625,0.97265625,250,vgg16_bn,512.0,0.365234375,0.525390625,0.81640625,0.97265625,1.0
features.36,act,21,512,1,False,0,14,14,1024,6.428682674993402,47.41733804314149,0.0926119883655107,167.24614071357638,0.3266526185812038,8.426632359135827,0.0164582663264371,1.4219578483414317,10,512,0.8766805304390827,512,228,302,424,496,0.4453125,0.58984375,0.828125,0.96875,1,vgg16_bn,,,,,,
features.36,act,21,512,1,False,0,14,14,1024,6.428682674993402,47.41733804314149,0.0926119883655107,167.24614071357638,0.3266526185812038,8.426632359135827,0.0164582663264371,1.4219578483414317,10,512,0.8766805304390827,512,228,302,424,496,0.4453125,0.58984375,0.828125,0.96875,2,vgg16_bn,,,,,,
features.36,act,21,512,1,False,0,14,14,3072,6.419301855468154,44.34223341574936,0.0866059246401354,194.32825137661703,0.3795473659699552,7.747857847342452,0.0151325348580907,1.006370588510444,10,512,0.945396139550841,512,296,376,474,508,0.578125,0.734375,0.92578125,0.9921875,5,vgg16_bn,,,,,,
features.36,act,21,512,1,False,0,14,14,5120,6.197501556162799,74.29982154396528,0.1451168389530572,237.9167369278244,0.4646811268121569,11.57969190923477,0.0226165857602241,0.9206502174489396,10,512,0.9621788651591474,512,322,398,483,509,0.62890625,0.77734375,0.943359375,0.994140625,10,vgg16_bn,,,,,,
features.36,act,21,512,1,False,0,14,14,13312,6.453674796429053,61.013909089866,0.1191677911911445,231.4989453732524,0.4521463776821335,9.642789956329702,0.0188335741334564,0.8413134777237914,10,512,0.9788954092582728,512,337,411,488,510,0.658203125,0.802734375,0.953125,0.99609375,25,vgg16_bn,,,,,,
features.36,act,21,512,1,False,0,14,14,25600,6.215865219997642,102.4386484495961,0.2000754852531173,271.4460239682271,0.5301680155629436,15.777462003107402,0.0308153554748191,0.81453546508623,10,512,0.9831520398749924,512,350,420,490,510,0.68359375,0.8203125,0.95703125,0.99609375,50,vgg16_bn,,,,,,
features.36,act,21,512,1,False,0,14,14,51200,6.197329890397132,101.82405816104048,0.1988751135957822,272.53392884788434,0.5322928297810241,15.551680846010154,0.0303743766523635,0.7988761010399518,10,512,0.9859057550271858,512,354,423,491,510,0.69140625,0.826171875,0.958984375,0.99609375,100,vgg16_bn,,,,,,
features.36,act,21,512,1,False,0,14,14,128000,6.165064488930891,108.68397471945552,0.2122733881239366,277.9691944910597,0.5429085829903509,16.875976445116788,0.0329608914943687,0.790413093110652,10,512,0.9876809655109852,512,357,425,491,510,0.697265625,0.830078125,0.958984375,0.99609375,250,vgg16_bn,,,,,,
features.37,conv,22,512,1,False,0,14,14,1024,35.49842537276789,9.356001899731751,0.0182734412104135,46.19015391500918,0.0902151443652523,3.251014232804702,0.0063496371734466,2.0234641322384,10,512,0.9054598973814284,512,104,165,307,449,0.203125,0.322265625,0.599609375,0.876953125,1,vgg16_bn,512.0,0.203125,0.322265625,0.599609375,0.876953125,1.0
features.37,conv,22,512,1,False,0,14,14,1024,35.49842537276789,9.356001899731751,0.0182734412104135,46.19015391500918,0.0902151443652523,3.251014232804702,0.0063496371734466,2.0234641322384,10,512,0.9054598973814284,512,104,165,307,449,0.203125,0.322265625,0.599609375,0.876953125,2,vgg16_bn,512.0,0.203125,0.322265625,0.599609375,0.876953125,1.0
features.37,conv,22,512,1,False,0,14,14,3072,31.1208644978286,13.047187553977764,0.0254827881913628,67.26658741046197,0.1313800535360585,3.86248619511805,0.0075439183498399,1.699375184107928,10,512,0.9330666836962216,512,139,213,370,484,0.271484375,0.416015625,0.72265625,0.9453125,5,vgg16_bn,512.0,0.271484375,0.416015625,0.72265625,0.9453125,1.0
features.37,conv,22,512,1,False,0,14,14,5120,30.802458981667588,14.926354734406452,0.0291530365906376,74.85285291263259,0.1461969783449855,4.171354676861811,0.0081471771032457,1.6438220665453078,10,512,0.9373560274046098,512,148,225,382,488,0.2890625,0.439453125,0.74609375,0.953125,10,vgg16_bn,512.0,0.2890625,0.439453125,0.74609375,0.953125,1.0
features.37,conv,22,512,1,False,0,14,14,13312,32.66370039043259,13.095797886492612,0.0255777302470558,68.56104695007646,0.133908294824368,3.901852603347477,0.007620805865913,1.5936851540239874,10,512,0.9416879254847664,512,148,228,387,490,0.2890625,0.4453125,0.755859375,0.95703125,25,vgg16_bn,512.0,0.2890625,0.4453125,0.755859375,0.95703125,1.0
features.37,conv,22,512,1,False,0,14,14,25600,30.221407582159543,17.046233525230466,0.0332934248539657,84.33748265233822,0.1647216458053481,4.474243526623436,0.0087387568879363,1.5778172028677606,10,512,0.9429362032246614,512,160,241,397,493,0.3125,0.470703125,0.775390625,0.962890625,50,vgg16_bn,512.0,0.3125,0.470703125,0.775390625,0.962890625,1.0
features.37,conv,22,512,1,False,0,14,14,51200,30.244573290901357,16.87776558404656,0.0329643859063409,84.53217445234236,0.1651019032272311,4.437459560938372,0.0086669132049577,1.569603149270559,10,512,0.9432657951195406,512,161,242,398,493,0.314453125,0.47265625,0.77734375,0.962890625,100,vgg16_bn,512.0,0.314453125,0.47265625,0.77734375,0.962890625,1.0
features.37,conv,22,512,1,False,0,14,14,128000,29.369525206603107,18.3490633361231,0.0358380143283654,89.76130643272995,0.1753150516264257,4.644078172630576,0.009070465180919,1.563472985583655,10,512,0.9433741446084432,512,165,246,401,494,0.322265625,0.48046875,0.783203125,0.96484375,250,vgg16_bn,512.0,0.322265625,0.48046875,0.783203125,0.96484375,1.0
features.39,act,23,512,1,False,0,14,14,1024,3.737208452625592,47.364497049378215,0.0925087832995668,161.51787571203488,0.3154646010000681,8.851750105025346,0.0172885744238776,1.493063079131457,10,512,0.8674417167362684,512,219,291,415,492,0.427734375,0.568359375,0.810546875,0.9609375,1,vgg16_bn,,,,,,
features.39,act,23,512,1,False,0,14,14,1024,3.737208452625592,47.364497049378215,0.0925087832995668,161.51787571203488,0.3154646010000681,8.851750105025346,0.0172885744238776,1.493063079131457,10,512,0.8674417167362684,512,219,291,415,492,0.427734375,0.568359375,0.810546875,0.9609375,2,vgg16_bn,,,,,,
features.39,act,23,512,1,False,0,14,14,3072,3.7848787277057943,85.72894262913317,0.1674393410725257,239.26353537782316,0.4673115925348108,15.532527710917243,0.0303369681853852,1.005877432468058,10,512,0.9397461130392836,512,305,382,476,508,0.595703125,0.74609375,0.9296875,0.9921875,5,vgg16_bn,,,,,,
features.39,act,23,512,1,False,0,14,14,5120,3.817593454996356,93.68904166409858,0.1829864095001925,259.2551823461017,0.5063577780197299,16.666313071690187,0.0325513927181448,0.8913284799638032,10,512,0.959731077163342,512,330,404,485,509,0.64453125,0.7890625,0.947265625,0.994140625,10,vgg16_bn,,,,,,
features.39,act,23,512,1,False,0,14,14,13312,4.05485626030849,69.74538434378346,0.136221453796452,248.9263050594506,0.4861841895692395,11.223939642193946,0.02192175711366,0.7797686848782843,10,512,0.979284114712904,512,351,421,490,510,0.685546875,0.822265625,0.95703125,0.99609375,25,vgg16_bn,,,,,,
features.39,act,23,512,1,False,0,14,14,25600,3.936492510809763,98.121800748258,0.1916441420864414,279.3224777279992,0.5455517143124985,16.83203595045808,0.0328750702157384,0.7405645645915706,10,512,0.9858722547051736,512,364,430,493,510,0.7109375,0.83984375,0.962890625,0.99609375,50,vgg16_bn,,,,,,
features.39,act,23,512,1,False,0,14,14,51200,3.884677587552956,105.81610674301294,0.2066720834824471,288.22704620488054,0.5629434496189073,17.298412542004343,0.0337859619961022,0.71714367209149,10,512,0.9891630968073948,512,370,434,494,510,0.72265625,0.84765625,0.96484375,0.99609375,100,vgg16_bn,,,,,,
features.39,act,23,512,1,False,0,14,14,128000,3.8428973954857537,113.83121422695136,0.2223265902870143,296.2688606117551,0.5786501183823342,17.125798625216657,0.0334488254398762,0.7022137271064622,10,512,0.9912496489017308,512,375,437,495,510,0.732421875,0.853515625,0.966796875,0.99609375,250,vgg16_bn,,,,,,
features.40,conv,24,512,1,False,0,14,14,1024,29.334559799522467,2.732612455670893,0.0053371337024822,13.666007001208522,0.0266914199242353,1.6587801425779056,0.0032398049659724,2.2830801019405498,10,512,0.4577863532837216,510,74,127,260,417,0.14453125,0.248046875,0.5078125,0.814453125,1,vgg16_bn,512.0,0.14453125,0.248046875,0.5078125,0.814453125,1.0
features.40,conv,24,512,1,False,0,14,14,1024,29.334559799522467,2.732612455670893,0.0053371337024822,13.666007001208522,0.0266914199242353,1.6587801425779056,0.0032398049659724,2.2830801019405498,10,512,0.4577863532837216,510,74,127,260,417,0.14453125,0.248046875,0.5078125,0.814453125,2,vgg16_bn,512.0,0.14453125,0.248046875,0.5078125,0.814453125,1.0
features.40,conv,24,512,1,False,0,14,14,3072,30.241280435522235,2.843191848475508,0.0055531090790537,14.427205280964191,0.0281781353143831,1.701309624959491,0.003322870361249,1.9026869561279576,10,512,0.3748168637901777,510,92,157,313,461,0.1796875,0.306640625,0.611328125,0.900390625,5,vgg16_bn,512.0,0.1796875,0.306640625,0.611328125,0.900390625,1.0
features.40,conv,24,512,1,False,0,14,14,5120,24.47337930886835,3.7226807890792726,0.0072708609161704,23.371004507107493,0.0456464931779443,1.948868420356726,0.0038063836335092,1.8334236675227675,10,512,0.3583326722083984,510,119,188,344,474,0.232421875,0.3671875,0.671875,0.92578125,10,vgg16_bn,512.0,0.232421875,0.3671875,0.671875,0.92578125,1.0
features.40,conv,24,512,1,False,0,14,14,13312,34.23724905040301,2.362388612756185,0.0046140402592894,11.6453127027066,0.0227447513724738,1.5411650208392051,0.0030100879313265,1.776514437159746,10,512,0.3402605051826647,510,95,164,327,470,0.185546875,0.3203125,0.638671875,0.91796875,25,vgg16_bn,512.0,0.185546875,0.3203125,0.638671875,0.91796875,1.0
features.40,conv,24,512,1,False,0,14,14,25600,24.33657454109835,3.678114970630534,0.0071838183020127,25.28031218148137,0.0493756097294558,1.927654315971958,0.0037649498358827,1.7534549534365629,10,512,0.3331509424110317,510,132,204,362,481,0.2578125,0.3984375,0.70703125,0.939453125,50,vgg16_bn,512.0,0.2578125,0.3984375,0.70703125,0.939453125,1.0
features.40,conv,24,512,1,False,0,14,14,51200,25.226770265519743,3.452219491139951,0.0067426161936327,22.834726358821825,0.0445990749195738,1.8675814380828104,0.0036476199962554,1.7384836870699305,10,512,0.3343528358535431,510,129,201,361,481,0.251953125,0.392578125,0.705078125,0.939453125,100,vgg16_bn,512.0,0.251953125,0.392578125,0.705078125,0.939453125,1.0
features.40,conv,24,512,1,False,0,14,14,128000,21.3812829822779,4.715646484675639,0.0092102470403821,34.54853933035165,0.067477615879593,2.1934587603969264,0.0042840991414002,1.7314646611362143,10,512,0.3298180383356087,510,146,219,374,485,0.28515625,0.427734375,0.73046875,0.947265625,250,vgg16_bn,512.0,0.28515625,0.427734375,0.73046875,0.947265625,1.0
features.42,act,25,512,1,False,0,14,14,1024,41.02385099006422,62.31657743552139,0.1217120653037527,149.88023953733992,0.292734842846367,12.135036709388183,0.0237012435730238,1.8896678523461208,10,512,0.4979308059305721,510,178,246,375,475,0.34765625,0.48046875,0.732421875,0.927734375,1,vgg16_bn,,,,,,
features.42,act,25,512,1,False,0,14,14,1024,41.02385099006422,62.31657743552139,0.1217120653037527,149.88023953733992,0.292734842846367,12.135036709388183,0.0237012435730238,1.8896678523461208,10,512,0.4979308059305721,510,178,246,375,475,0.34765625,0.48046875,0.732421875,0.927734375,2,vgg16_bn,,,,,,
features.42,act,25,512,1,False,0,14,14,3072,38.9976876474435,104.33454158002144,0.2037784015234793,236.0922521580649,0.4611176799962205,15.352844444433616,0.0299860243055344,1.2907968469235491,10,512,0.3467356842151047,510,271,349,459,504,0.529296875,0.681640625,0.896484375,0.984375,5,vgg16_bn,,,,,,
features.42,act,25,512,1,False,0,14,14,5120,38.27864000918601,118.32529742623338,0.231104096535612,265.30300447369353,0.5181699306126827,15.94492619272224,0.0311424339701606,1.1475373796285142,10,512,0.297890193506959,510,301,378,473,506,0.587890625,0.73828125,0.923828125,0.98828125,10,vgg16_bn,,,,,,
features.42,act,25,512,1,False,0,14,14,13312,39.42251672518052,129.40388455058985,0.2527419620128708,292.5665617301928,0.5714190658792828,16.184589020657704,0.031610525430972,0.9213476921295692,10,512,0.9617409966174038,510,333,406,484,507,0.650390625,0.79296875,0.9453125,0.990234375,25,vgg16_bn,,,,,,
features.42,act,25,512,1,False,0,14,14,25600,40.42220359252195,130.8409672936913,0.2555487642454908,300.46626903522747,0.5868481817094287,16.04846868625277,0.0313446654028374,1.0505823219094812,10,512,0.1419997651323623,510,345,415,488,508,0.673828125,0.810546875,0.953125,0.9921875,50,vgg16_bn,,,,,,
features.42,act,25,512,1,False,0,14,14,51200,40.16113770899864,131.8492010697665,0.2575179708393877,305.91309812874346,0.5974865197827021,15.925909605995924,0.0311052921992107,0.9292045168716384,10,512,0.2037901230102791,510,352,421,489,508,0.6875,0.822265625,0.955078125,0.9921875,100,vgg16_bn,,,,,,
features.42,act,25,512,1,False,0,14,14,128000,39.9997071645364,135.59127578824254,0.2648267105239112,311.5308885209056,0.6084587666423937,16.171366556074673,0.0315847003048333,0.9110744530418164,10,512,0.1856717762195792,510,357,425,491,508,0.697265625,0.830078125,0.958984375,0.9921875,250,vgg16_bn,,,,,,
