layer,kind,depth_index,C,groups,is_depthwise,r_max,call_index,H,W,n_samples,total_variance,participation_ratio,participation_ratio_norm,effective_rank,effective_rank_norm,stable_rank,stable_rank_norm,powerlaw_alpha,powerlaw_fit_lo,powerlaw_fit_hi,powerlaw_r2,nonzero_eigs,k_star_0.9,k_star_0.95,k_star_0.99,k_star_0.999,k_star_ratio_0.9,k_star_ratio_0.95,k_star_ratio_0.99,k_star_ratio_0.999,model,weights,source,n_over_C,n_over_C_ok,k_star_rmax_0.9,k_star_rmax_0.95,k_star_rmax_0.99,k_star_rmax_0.999,r_max_over_C,pooled_n_samples,pooled_total_variance,pooled_participation_ratio,pooled_participation_ratio_norm,pooled_effective_rank,pooled_effective_rank_norm,pooled_stable_rank,pooled_stable_rank_norm,pooled_powerlaw_alpha,pooled_powerlaw_fit_lo,pooled_powerlaw_fit_hi,pooled_powerlaw_r2,pooled_nonzero_eigs,pooled_k_star_0.9,pooled_k_star_0.95,pooled_k_star_0.99,pooled_k_star_0.999,pooled_k_star_ratio_0.9,pooled_k_star_ratio_0.95,pooled_k_star_ratio_0.99,pooled_k_star_ratio_0.999,pooled_n_over_C,pooled_n_over_C_ok
conv1,conv,0,64,1,False,64.0,0,112.0,112.0,102400,306.3969491432464,3.5559383615692766,0.055561536899519946,6.756185246581479,0.10556539447783561,2.1061637252030216,0.03290880820629721,6.3698254205738545,10,64,0.413743109600058,63,9,14,25,38,0.140625,0.21875,0.390625,0.59375,resnet50,ResNet50_Weights.IMAGENET1K_V1,synthetic,1600.0,True,0.140625,0.21875,0.390625,0.59375,1.0,6400.0,0.002821901127008233,4.647512800507205,0.07261738750792508,6.282988021865781,0.09817168784165282,2.7484777831994305,0.0429449653624911,6.790214836687378,10.0,64.0,0.9664719777043724,63.0,6.0,7.0,11.0,20.0,0.09375,0.109375,0.171875,0.3125,100.0,True
relu,act,1,64,1,False,,0,112.0,112.0,102400,5.708736793172974,9.296434387040721,0.14525678729751126,18.01240144179596,0.28144377252806185,3.7999764623748677,0.05937463222460731,4.4027105673212175,10,64,0.2188413757485439,63,20,28,44,57,0.3125,0.4375,0.6875,0.890625,resnet50,ResNet50_Weights.IMAGENET1K_V1,synthetic,1600.0,True,,,,,,6400.0,0.002119593566215286,3.7534574519013257,0.058647772685958215,5.975361025353565,0.09336501602114945,2.3895979146428323,0.037337467416294255,4.358613155104647,10.0,64.0,0.2208759505467861,63.0,6.0,10.0,27.0,50.0,0.09375,0.15625,0.421875,0.78125,100.0,True
layer1.0.conv1,conv,2,64,1,False,64.0,0,56.0,56.0,102400,1.4230491725083143,10.676853975649047,0.16682584336951636,15.589156954536294,0.2435805774146296,4.791320122421895,0.0748643769128421,9.825861526776075,10,64,0.3676323140317185,59,14,18,27,41,0.21875,0.28125,0.421875,0.640625,resnet50,ResNet50_Weights.IMAGENET1K_V1,synthetic,1600.0,True,0.21875,0.28125,0.421875,0.640625,1.0,6400.0,0.011040666246187207,1.1738089133040555,0.018340764270375867,1.6068103809017256,0.025106412201589462,1.0838418477088547,0.016935028870450855,9.334611895291335,10.0,64.0,0.35338360448295225,59.0,1.0,3.0,12.0,27.0,0.015625,0.046875,0.1875,0.421875,100.0,True
layer1.0.relu,act,3,64,1,False,,0,56.0,56.0,102400,0.21806845574460246,11.81721766182412,0.18464402596600188,18.348132880267688,0.2866895762541826,5.058454224299036,0.07903834725467243,9.719227302051667,10,64,0.2905295421111913,59,18,25,36,45,0.28125,0.390625,0.5625,0.703125,resnet50,ResNet50_Weights.IMAGENET1K_V1,synthetic,1600.0,True,,,,,,6400.0,0.0009997881436105147,1.3344841956492606,0.020851315557019696,2.1918349490763096,0.03424742107931734,1.1563768930489353,0.018068388953889614,11.179324688449089,10.0,64.0,0.32102880082905727,59.0,3.0,8.0,21.0,37.0,0.046875,0.125,0.328125,0.578125,100.0,True
layer1.0.conv2,conv,4,64,1,False,64.0,0,56.0,56.0,102400,0.565354576960668,8.95106527560997,0.13986039493140578,12.957344756343662,0.20245851181786972,5.57167703710138,0.08705745370470906,7.219614105437585,10,64,0.2947087591654076,61,12,16,31,49,0.1875,0.25,0.484375,0.765625,resnet50,ResNet50_Weights.IMAGENET1K_V1,synthetic,1600.0,True,0.1875,0.25,0.484375,0.765625,1.0,6400.0,0.001936554445865245,1.2839882577175576,0.020062316526836838,1.8621162154557998,0.02909556586649687,1.1350341188530837,0.017734908107079433,8.35821789553766,10.0,64.0,0.36685239053515406,61.0,2.0,4.0,10.0,24.0,0.03125,0.0625,0.15625,0.375,100.0,True
layer1.0.relu,act,5,64,1,False,,1,56.0,56.0,102400,0.31596153736815535,10.971746520170212,0.17143353937765957,15.875587073246347,0.24805604801947417,5.948572500423103,0.09294644531911099,14.907930916579502,10,64,0.2809854121391213,55,15,20,32,45,0.234375,0.3125,0.5,0.703125,resnet50,ResNet50_Weights.IMAGENET1K_V1,synthetic,1600.0,True,,,,,,6400.0,0.0008899586430073545,1.4849557970835066,0.02320243432942979,2.4856972718632084,0.03883901987286263,1.223391065349679,0.019115485396088733,8.936748979575801,10.0,64.0,0.3786948276578439,57.0,3.0,6.0,17.0,36.0,0.046875,0.09375,0.265625,0.5625,100.0,True
layer1.0.conv3,conv,6,256,1,False,64.0,0,56.0,56.0,102400,0.3099298228707808,4.7498419677790205,0.0185540701866368,8.078141045446545,0.031555238458775565,2.460965486394291,0.009613146431227699,11.86323715080027,10,256,0.747229995403842,139,9,12,18,29,0.03515625,0.046875,0.0703125,0.11328125,resnet50,ResNet50_Weights.IMAGENET1K_V1,synthetic,400.0,True,0.140625,0.1875,0.28125,0.453125,0.25,6400.0,0.0006911495988130988,1.3677435554198771,0.005342748263358895,2.0613110498344365,0.008051996288415767,1.1727949390769816,0.0045812302307694595,11.748350248723519,10.0,256.0,0.7709926279855389,141.0,2.0,4.0,10.0,22.0,0.0078125,0.015625,0.0390625,0.0859375,25.0,False
layer1.0.downsample.0,conv,7,256,1,False,64.0,0,56.0,56.0,102400,10.748773328749985,2.9117993888238964,0.011374216362593345,5.855566357270287,0.022873306083087058,1.801535532220788,0.007037248172737453,12.981123211198316,10,256,0.7522757351734126,143,9,14,27,45,0.03515625,0.0546875,0.10546875,0.17578125,resnet50,ResNet50_Weights.IMAGENET1K_V1,synthetic,400.0,True,0.140625,0.21875,0.421875,0.703125,0.25,6400.0,0.019459603655178428,1.3647903050892605,0.005331212129254924,2.2264910982023127,0.008697230852352784,1.1706501907496027,0.004572852307615636,12.436290078758669,10.0,256.0,0.7482876610026558,147.0,2.0,7.0,20.0,39.0,0.0078125,0.02734375,0.078125,0.15234375,25.0,False
layer1.0.relu,act,8,256,1,False,,2,56.0,56.0,102400,3.9161188115238517,12.740095939487738,0.049765999763623975,28.5558156892664,0.11154615503619687,4.339369565706084,0.01695066236603939,5.894884756291533,10,256,0.22350536066909021,229,31,51,116,178,0.12109375,0.19921875,0.453125,0.6953125,resnet50,ResNet50_Weights.IMAGENET1K_V1,synthetic,400.0,True,,,,,,6400.0,0.008472480518654778,4.06623937767354,0.015883747569037265,8.577751978111342,0.03350684366449743,2.288571036509255,0.008939730611364277,6.287936199466709,10.0,256.0,0.24340548536401851,230.0,13.0,19.0,58.0,143.0,0.05078125,0.07421875,0.2265625,0.55859375,25.0,False
layer1.0,block,9,256,1,False,,0,56.0,56.0,102400,3.9268885450391764,12.580233597778113,0.049141537491320754,28.376121011505848,0.11084422270119472,4.294531215031718,0.016775512558717648,6.0684797279642995,10,256,0.2283645396952989,229,31,51,116,178,0.12109375,0.19921875,0.453125,0.6953125,resnet50,ResNet50_Weights.IMAGENET1K_V1,synthetic,400.0,True,,,,,,6400.0,0.008472480518654778,4.06623937767354,0.015883747569037265,8.577751978111342,0.03350684366449743,2.288571036509255,0.008939730611364277,6.287936199466709,10.0,256.0,0.24340548536401851,230.0,13.0,19.0,58.0,143.0,0.05078125,0.07421875,0.2265625,0.55859375,25.0,False
layer1.1.conv1,conv,10,64,1,False,64.0,0,56.0,56.0,102400,0.6799020215894855,10.308545341047605,0.16107102095386883,14.335784459199122,0.22399663217498628,6.222298594170351,0.09722341553391173,8.624449175765063,10,64,0.31635456809137563,60,13,18,29,47,0.203125,0.28125,0.453125,0.734375,resnet50,ResNet50_Weights.IMAGENET1K_V1,synthetic,1600.0,True,0.203125,0.28125,0.453125,0.734375,1.0,6400.0,0.0016086102267745504,1.9826010092397055,0.0309781407693704,3.7445100759751315,0.05850796993711143,1.4295405003129926,0.02233657031739051,8.83493582043629,10.0,64.0,0.329928217098131,60.0,5.0,9.0,19.0,36.0,0.078125,0.140625,0.296875,0.5625,100.0,True
layer1.1.relu,act,11,64,1,False,,0,56.0,56.0,102400,0.23850561990951652,14.15458147569215,0.22116533555768986,19.559600132041794,0.30561875206315303,7.155471500004052,0.11180424218756331,13.352332489820386,10,64,0.3726097026591807,57,18,24,33,42,0.28125,0.375,0.515625,0.65625,resnet50,ResNet50_Weights.IMAGENET1K_V1,synthetic,1600.0,True,,,,,,6400.0,0.00041574999229925934,2.664825860439924,0.041637904069373816,5.768367187411074,0.09013073730329803,1.671786892436712,0.026121670194323626,11.11366729280563,10.0,64.0,0.3758918239112973,58.0,9.0,14.0,27.0,37.0,0.140625,0.21875,0.421875,0.578125,100.0,True
layer1.1.conv2,conv,12,64,1,False,64.0,0,56.0,56.0,102400,0.30663082701194805,18.05992773359108,0.28218637083736064,26.317577766829594,0.4112121526067124,8.107932445705517,0.1266864444641487,2.62334184684457,10,64,0.9456556633205767,64,25,32,49,61,0.390625,0.5,0.765625,0.953125,resnet50,ResNet50_Weights.IMAGENET1K_V1,synthetic,1600.0,True,0.390625,0.5,0.765625,0.953125,1.0,6400.0,0.0002644934457596177,2.9656175409432617,0.046337774077238464,6.005509725005536,0.0938360894532115,1.7962949876582337,0.0280671091821599,3.9179670724125497,10.0,64.0,0.9514561627591486,64.0,8.0,12.0,25.0,43.0,0.125,0.1875,0.390625,0.671875,100.0,True
layer1.1.relu,act,13,64,1,False,,1,56.0,56.0,102400,0.30612151940728805,18.5544184382842,0.2899127880981906,25.880337187099276,0.4043802685484262,8.22862492390143,0.12857226443595984,9.220193568720077,10,64,0.2719182490765706,61,24,31,42,50,0.375,0.484375,0.65625,0.78125,resnet50,ResNet50_Weights.IMAGENET1K_V1,synthetic,1600.0,True,,,,,,6400.0,0.00036326199069906405,2.0110249704164014,0.03142226516275627,4.2939670273965405,0.06709323480307094,1.4324017890355696,0.022381277953680775,5.502419315212106,10.0,64.0,0.4955711424500858,64.0,7.0,13.0,32.0,47.0,0.109375,0.203125,0.5,0.734375,100.0,True
layer1.1.conv3,conv,14,256,1,False,64.0,0,56.0,56.0,102400,0.13256958681359157,11.526856974089547,0.045026785055037294,16.31473649389251,0.06372943942926762,5.794242207434025,0.02263375862278916,11.069993593404138,10,256,0.8533413073424398,148,15,19,31,44,0.05859375,0.07421875,0.12109375,0.171875,resnet50,ResNet50_Weights.IMAGENET1K_V1,synthetic,400.0,True,0.234375,0.296875,0.484375,0.6875,0.25,6400.0,0.00013041194558971504,1.8606622583963497,0.007268211946860741,3.5710301916383647,0.013949336686087362,1.378580521575505,0.005385080162404316,11.337010993876234,10.0,256.0,0.8784248239406036,151.0,6.0,10.0,22.0,38.0,0.0234375,0.0390625,0.0859375,0.1484375,25.0,False
layer1.1.relu,act,15,256,1,False,,2,56.0,56.0,102400,4.5874380050595205,16.213892512348007,0.0633355176263594,36.654340273830925,0.14318101669465205,5.07273841465482,0.01981538443224539,3.7230363067345897,10,256,0.247316770003566,248,41,67,142,207,0.16015625,0.26171875,0.5546875,0.80859375,resnet50,ResNet50_Weights.IMAGENET1K_V1,synthetic,400.0,True,,,,,,6400.0,0.008864274261356742,4.026698917101927,0.015729292644929404,8.673923337279142,0.03388251303624665,2.2860675388154976,0.008929951323498038,3.648974292837366,10.0,256.0,0.27876960470941725,248.0,13.0,21.0,73.0,169.0,0.05078125,0.08203125,0.28515625,0.66015625,25.0,False
layer1.1,block,16,256,1,False,,0,56.0,56.0,102400,4.582452403531668,16.230305198254896,0.06339962968068319,36.71314142216988,0.1434107086803511,5.072030162618026,0.019812617822726666,3.6993353871797625,10,256,0.25276179206636196,248,41,67,142,208,0.16015625,0.26171875,0.5546875,0.8125,resnet50,ResNet50_Weights.IMAGENET1K_V1,synthetic,400.0,True,,,,,,6400.0,0.008864274261356742,4.026698917101927,0.015729292644929404,8.673923337279142,0.03388251303624665,2.2860675388154976,0.008929951323498038,3.648974292837366,10.0,256.0,0.27876960470941725,248.0,13.0,21.0,73.0,169.0,0.05078125,0.08203125,0.28515625,0.66015625,25.0,False
layer1.2.conv1,conv,17,64,1,False,64.0,0,56.0,56.0,102400,0.8396809558386187,10.036194679807293,0.15681554187198896,14.207589048745001,0.22199357888664065,5.852190757036114,0.09144048057868928,3.5576224741178843,10,64,0.975438868558033,64,13,17,32,51,0.203125,0.265625,0.5,0.796875,resnet50,ResNet50_Weights.IMAGENET1K_V1,synthetic,1600.0,True,0.203125,0.265625,0.5,0.796875,1.0,6400.0,0.000559829714443062,3.921220880468521,0.06126907625732064,7.617389517684842,0.11902171121382565,2.1704842704834753,0.0339138167263043,3.413135925822406,10.0,64.0,0.9693077096336729,64.0,9.0,14.0,28.0,49.0,0.140625,0.21875,0.4375,0.765625,100.0,True
layer1.2.relu,act,18,64,1,False,,0,56.0,56.0,102400,0.47638013661715484,13.537833440132005,0.21152864750206257,21.809516799164406,0.34077369998694385,7.090630031533333,0.11079109424270833,2.2451832942144847,10,64,0.4549510675103581,63,24,35,53,60,0.375,0.546875,0.828125,0.9375,resnet50,ResNet50_Weights.IMAGENET1K_V1,synthetic,1600.0,True,,,,,,6400.0,0.00026083913636203675,5.092018747965212,0.07956279293695644,11.672887927647734,0.18238887386949584,2.491891655077256,0.03893580711058212,2.7433322719079256,10.0,64.0,0.37010536667026894,64.0,18.0,29.0,49.0,60.0,0.28125,0.453125,0.765625,0.9375,100.0,True
layer1.2.conv2,conv,19,64,1,False,64.0,0,56.0,56.0,102400,1.045373930518388,18.106308805948945,0.28291107509295227,25.522084322978518,0.39878256754653935,8.350492884167402,0.13047645131511565,2.672570635396549,10,64,0.9779955340679776,64,22,30,49,62,0.34375,0.46875,0.765625,0.96875,resnet50,ResNet50_Weights.IMAGENET1K_V1,synthetic,1600.0,True,0.34375,0.46875,0.765625,0.96875,1.0,6400.0,9.409305936593088e-05,5.541591954954632,0.08658737429616613,11.046533180517649,0.17260208094558827,2.8771755455105685,0.04495586789860263,2.7617617837132324,10.0,64.0,0.9285573636661906,64.0,15.0,23.0,40.0,57.0,0.234375,0.359375,0.625,0.890625,100.0,True
layer1.2.relu,act,20,64,1,False,,1,56.0,56.0,102400,0.6613211945936178,29.140604455135648,0.4553219446114945,41.40734960711846,0.646989837611226,11.766371929595259,0.18384956139992592,1.1849033066597414,10,64,0.9720817796847359,64,42,51,61,64,0.65625,0.796875,0.953125,1.0,resnet50,ResNet50_Weights.IMAGENET1K_V1,synthetic,1600.0,True,,,,,,6400.0,0.000199762224432998,23.505238147831722,0.36726934605987066,36.97126888866237,0.5776760763853496,8.107840028059165,0.12668500043842446,1.3809179744026496,10.0,64.0,0.9718103116709671,64.0,39.0,48.0,60.0,64.0,0.609375,0.75,0.9375,1.0,100.0,True
layer1.2.conv3,conv,21,256,1,False,64.0,0,56.0,56.0,102400,0.1673468909920171,19.611108678047994,0.07660589327362498,28.593826803452433,0.11169463595098607,7.725946676745234,0.03017947920603607,12.010865454374313,10,256,0.8242775771466133,152,26,34,49,61,0.1015625,0.1328125,0.19140625,0.23828125,resnet50,ResNet50_Weights.IMAGENET1K_V1,synthetic,400.0,True,0.40625,0.53125,0.765625,0.953125,0.25,6400.0,8.149839055733281e-05,11.422612518177532,0.044619580149130984,18.219100882083684,0.07116836282063939,5.184034147609152,0.02025013338909825,12.307052359461206,10.0,256.0,0.8390596938536908,153.0,18.0,25.0,42.0,59.0,0.0703125,0.09765625,0.1640625,0.23046875,25.0,False
layer1.2.relu,act,22,256,1,False,,2,56.0,56.0,102400,5.481665257778606,22.027679723465038,0.0860456239197853,51.89726358384168,0.20272368587438155,6.098343907745125,0.023821655889629395,2.4367372439465234,10,256,0.7191896790083923,256,62,96,169,223,0.2421875,0.375,0.66015625,0.87109375,resnet50,ResNet50_Weights.IMAGENET1K_V1,synthetic,400.0,True,,,,,,6400.0,0.009145691333159973,4.535008878199599,0.017714878430467183,11.067821368661411,0.04323367722133364,2.4411276371784103,0.009535654832728165,2.5781231117224337,10.0,256.0,0.7472052237375164,256.0,19.0,33.0,104.0,197.0,0.07421875,0.12890625,0.40625,0.76953125,25.0,False
layer1.2,block,23,256,1,False,,0,56.0,56.0,102400,5.477343338720101,22.122281912699382,0.08641516372148196,52.02243145575499,0.20321262287404293,6.119987766055089,0.02390620221115269,2.435587171318292,10,256,0.7168156958271373,256,62,96,169,223,0.2421875,0.375,0.66015625,0.87109375,resnet50,ResNet50_Weights.IMAGENET1K_V1,synthetic,400.0,True,,,,,,6400.0,0.009145691333159973,4.535008878199599,0.017714878430467183,11.067821368661411,0.04323367722133364,2.4411276371784103,0.009535654832728165,2.5781231117224337,10.0,256.0,0.7472052237375164,256.0,19.0,33.0,104.0,197.0,0.07421875,0.12890625,0.40625,0.76953125,25.0,False
layer2.0.conv1,conv,24,128,1,False,128.0,0,56.0,56.0,102400,2.5652570408050455,12.655694505045233,0.09887261332066588,21.590703829544932,0.16867737366831978,4.86291044725543,0.03799148786918305,3.709866652706738,10,128,0.949171397984582,128,21,30,51,87,0.1640625,0.234375,0.3984375,0.6796875,resnet50,ResNet50_Weights.IMAGENET1K_V1,synthetic,800.0,True,0.1640625,0.234375,0.3984375,0.6796875,1.0,6400.0,0.001527758960536945,9.59027040741983,0.07492398755796742,17.19600741651787,0.13434380794154585,3.946671656313526,0.030833372314949422,3.761703099730534,10.0,128.0,0.9521828452963566,128.0,18.0,25.0,46.0,81.0,0.140625,0.1953125,0.359375,0.6328125,50.0,True
layer2.0.relu,act,25,128,1,False,,0,56.0,56.0,102400,1.0976890794610257,31.286779501147205,0.24442796485271254,51.345256162648035,0.40113481377068777,13.450208020548603,0.10507975016053596,1.723477123290942,10,128,0.8162035972954899,128,57,79,110,123,0.4453125,0.6171875,0.859375,0.9609375,resnet50,ResNet50_Weights.IMAGENET1K_V1,synthetic,800.0,True,,,,,,6400.0,0.0006496446775434367,16.68080605912653,0.13031879733692603,33.21125303090855,0.25946291430397306,5.862182255728406,0.045798298872878174,1.8339639016944158,10.0,128.0,0.8629048931323458,128.0,41.0,64.0,104.0,122.0,0.3203125,0.5,0.8125,0.953125,50.0,True
layer2.0.conv2,conv,26,128,1,False,128.0,0,28.0,28.0,102400,2.5067468527190133,36.10702082081227,0.28208610016259583,51.503134561002184,0.40236823875782957,14.229776009671603,0.1111701250755594,2.339343276365526,10,128,0.9403179706419715,128,45,60,95,122,0.3515625,0.46875,0.7421875,0.953125,resnet50,ResNet50_Weights.IMAGENET1K_V1,synthetic,800.0,True,0.3515625,0.46875,0.7421875,0.953125,1.0,6400.0,0.00302849295934921,18.59384494292204,0.14526441361657844,30.100377693238354,0.23515920072842464,8.314894013968084,0.06496010948412566,2.520237345586071,10.0,128.0,0.9695226755154093,128.0,29.0,43.0,80.0,116.0,0.2265625,0.3359375,0.625,0.90625,50.0,True
layer2.0.relu,act,27,128,1,False,,1,28.0,28.0,102400,1.322581701394808,47.624728404785536,0.372068190662387,71.34121234391476,0.5573532214368341,15.473916227826686,0.12088997052989599,1.4708354753085646,10,128,0.8574265231809761,128,72,91,115,126,0.5625,0.7109375,0.8984375,0.984375,resnet50,ResNet50_Weights.IMAGENET1K_V1,synthetic,800.0,True,,,,,,6400.0,0.0018118342221412696,31.96161836345044,0.24970014346445657,53.76582928413412,0.4200455412822978,12.314577464958274,0.09620763644498652,1.5065349811350515,10.0,128.0,0.9025968676276306,128.0,62.0,85.0,114.0,126.0,0.484375,0.6640625,0.890625,0.984375,50.0,True
layer2.0.conv3,conv,28,512,1,False,128.0,0,28.0,28.0,102400,0.716511855610846,30.659937328925214,0.05988269009555706,44.779529149509166,0.08746001787013509,11.515853018504497,0.022491900426766596,12.178338428849607,10,512,0.713867679815993,278,40,53,83,115,0.078125,0.103515625,0.162109375,0.224609375,resnet50,ResNet50_Weights.IMAGENET1K_V1,synthetic,200.0,True,0.3125,0.4140625,0.6484375,0.8984375,0.25,6400.0,0.0012270452773376,18.887063618779653,0.03688879613042901,30.021987365723763,0.058636694073679226,7.962461190666816,0.015551682013021125,12.334751284956813,10.0,512.0,0.7192874670682797,286.0,28.0,42.0,73.0,111.0,0.0546875,0.08203125,0.142578125,0.216796875,12.5,False
layer2.0.downsample.0,conv,29,512,1,False,256.0,0,28.0,28.0,102400,7.546881023668856,3.3440286296636144,0.006531305917311747,7.741174439151781,0.015119481326468322,1.959121811367694,0.0038264097878275274,9.062945650962034,10,512,0.585376618196212,347,13,23,48,103,0.025390625,0.044921875,0.09375,0.201171875,resnet50,ResNet50_Weights.IMAGENET1K_V1,synthetic,200.0,True,0.05078125,0.08984375,0.1875,0.40234375,0.5,6400.0,0.010454330909741068,3.797243706455395,0.007416491614170693,7.8867276678901606,0.01540376497634797,2.2837275536551584,0.004460405378232731,9.362946156730903,10.0,512.0,0.5876872967221215,353.0,12.0,21.0,45.0,99.0,0.0234375,0.041015625,0.087890625,0.193359375,12.5,False
layer2.0.relu,act,30,512,1,False,,2,28.0,28.0,102400,9.41807782277964,9.04433300288649,0.017664712896262674,32.5409832554675,0.06355660792083496,3.400152839646761,0.00664092351493508,5.424430019588325,10,512,0.17274791054778849,449,60,115,267,385,0.1171875,0.224609375,0.521484375,0.751953125,resnet50,ResNet50_Weights.IMAGENET1K_V1,synthetic,200.0,True,,,,,,6400.0,0.02105029375669092,6.219273565721299,0.012147018683049413,18.855311833709692,0.03682678092521424,2.851958365923146,0.005570231183443645,5.5205703579240915,10.0,512.0,0.21000564717200398,450.0,32.0,67.0,216.0,364.0,0.0625,0.130859375,0.421875,0.7109375,12.5,False
layer2.0,block,31,512,1,False,,0,28.0,28.0,102400,9.432095615274623,9.071169309685487,0.017717127557979467,32.592258198954944,0.06365675429483388,3.410183545939501,0.006660514738163088,5.419370509467111,10,512,0.17363089896368478,450,60,115,267,385,0.1171875,0.224609375,0.521484375,0.751953125,resnet50,ResNet50_Weights.IMAGENET1K_V1,synthetic,200.0,True,,,,,,6400.0,0.02105029375669092,6.219273565721299,0.012147018683049413,18.855311833709692,0.03682678092521424,2.851958365923146,0.005570231183443645,5.5205703579240915,10.0,512.0,0.21000564717200398,450.0,32.0,67.0,216.0,364.0,0.0625,0.130859375,0.421875,0.7109375,12.5,False
layer2.1.conv1,conv,32,128,1,False,128.0,0,28.0,28.0,102400,8.569924738183929,2.0781954892129795,0.016235902259476402,3.1791122118400916,0.024836814155000716,1.5331313439180194,0.011977588624359527,3.72322861895317,10,128,0.9506357640699575,128,3,6,15,44,0.0234375,0.046875,0.1171875,0.34375,resnet50,ResNet50_Weights.IMAGENET1K_V1,synthetic,800.0,True,0.0234375,0.046875,0.1171875,0.34375,1.0,6400.0,0.007376151551103509,3.7899927516357734,0.02960931837215448,5.776360583301997,0.045127817057046854,2.4928089167730745,0.019475069662289644,3.884779460987898,10.0,128.0,0.9580516886509929,128.0,5.0,8.0,21.0,49.0,0.0390625,0.0625,0.1640625,0.3828125,50.0,True
layer2.1.relu,act,33,128,1,False,,0,28.0,28.0,102400,1.2205453147548768,3.7230114734052657,0.02908602713597864,7.445624275974479,0.05816893965605062,2.1265447563692543,0.0166136309091348,2.967886456072999,10,128,0.8767069987220311,128,9,16,44,90,0.0703125,0.125,0.34375,0.703125,resnet50,ResNet50_Weights.IMAGENET1K_V1,synthetic,800.0,True,,,,,,6400.0,0.002943935808322349,3.2233136815086154,0.025182138136786058,5.8815334278436655,0.04594947990502864,2.043712882151325,0.015966506891807227,3.054586060388345,10.0,128.0,0.8860622682957787,128.0,7.0,12.0,35.0,82.0,0.0546875,0.09375,0.2734375,0.640625,50.0,True
layer2.1.conv2,conv,34,128,1,False,128.0,0,28.0,28.0,102400,7.096360881804948,7.639293649113719,0.05968198163370093,12.06885496129767,0.09428792938513805,4.130945559494101,0.03227301218354767,3.9291429728503293,10,128,0.9753609801396939,128,12,16,31,64,0.09375,0.125,0.2421875,0.5,resnet50,ResNet50_Weights.IMAGENET1K_V1,synthetic,800.0,True,0.09375,0.125,0.2421875,0.5,1.0,6400.0,0.0053661482091592735,3.3087757340478574,0.025849810422248886,7.05795601353755,0.05514028135576211,1.90198938131078,0.014859292041490469,4.541672354681902,10.0,128.0,0.9712920039759959,128.0,10.0,14.0,27.0,52.0,0.078125,0.109375,0.2109375,0.40625,50.0,True
layer2.1.relu,act,35,128,1,False,,1,28.0,28.0,102400,2.300008500729435,15.904415216739267,0.12425324388077552,27.48844458854576,0.21475347334801376,7.130631180838149,0.05570805610029804,2.792512368486486,10,128,0.7378992769852577,128,27,45,83,110,0.2109375,0.3515625,0.6484375,0.859375,resnet50,ResNet50_Weights.IMAGENET1K_V1,synthetic,800.0,True,,,,,,6400.0,0.004055797260174501,7.4040905196497295,0.05784445718476351,18.23010165819044,0.1424226692046128,3.0816590071372274,0.02407546099325959,2.704744623103049,10.0,128.0,0.7329225409463669,128.0,25.0,40.0,79.0,109.0,0.1953125,0.3125,0.6171875,0.8515625,50.0,True
layer2.1.conv3,conv,36,512,1,False,128.0,0,28.0,28.0,102400,1.729777000969375,9.768688146721408,0.01907946903656525,14.346095090465932,0.028019716973566273,5.054939430738684,0.009872928575661492,8.807660005788613,10,512,0.8735371160557722,309,13,17,31,64,0.025390625,0.033203125,0.060546875,0.125,resnet50,ResNet50_Weights.IMAGENET1K_V1,synthetic,200.0,True,0.1015625,0.1328125,0.2421875,0.5,0.25,6400.0,0.0016407134913381271,7.219162355433544,0.01409992647545614,13.094927409301933,0.025576030096292838,3.4847404652679392,0.006806133721226444,9.783909843134198,10.0,512.0,0.8731213783310892,302.0,13.0,21.0,40.0,72.0,0.025390625,0.041015625,0.078125,0.140625,12.5,False
layer2.1.relu,act,37,512,1,False,,2,28.0,28.0,102400,11.056695675157908,32.052874968805995,0.06260327142344921,80.68044196612584,0.15757898821508953,8.287269548453889,0.016186073336824,1.987159975447691,10,512,0.48041922570200746,506,108,186,357,458,0.2109375,0.36328125,0.697265625,0.89453125,resnet50,ResNet50_Weights.IMAGENET1K_V1,synthetic,200.0,True,,,,,,6400.0,0.021332695836680078,10.980814353079717,0.021446903033358822,42.17502633982248,0.08237309831996578,3.7059455510784485,0.007238174904450095,2.149311082784422,10.0,512.0,0.40870599884550596,506.0,73.0,137.0,316.0,446.0,0.142578125,0.267578125,0.6171875,0.87109375,12.5,False
layer2.1,block,38,512,1,False,,0,28.0,28.0,102400,11.07596091161344,32.116427446278806,0.06272739735601329,80.75066948029396,0.15771615132869915,8.307007422824512,0.016224623872704125,2.160629240488485,10,512,0.31103006118915133,506,108,186,357,458,0.2109375,0.36328125,0.697265625,0.89453125,resnet50,ResNet50_Weights.IMAGENET1K_V1,synthetic,200.0,True,,,,,,6400.0,0.021332695836680078,10.980814353079717,0.021446903033358822,42.17502633982248,0.08237309831996578,3.7059455510784485,0.007238174904450095,2.149311082784422,10.0,512.0,0.40870599884550596,506.0,73.0,137.0,316.0,446.0,0.142578125,0.267578125,0.6171875,0.87109375,12.5,False
layer2.2.conv1,conv,39,128,1,False,128.0,0,28.0,28.0,102400,3.7455997236604768,10.684458338152139,0.08347233076681358,19.724355994267142,0.15409653120521205,4.30405827741857,0.03362545529233258,3.090555543775322,10,128,0.9595619051623877,128,21,31,58,99,0.1640625,0.2421875,0.453125,0.7734375,resnet50,ResNet50_Weights.IMAGENET1K_V1,synthetic,800.0,True,0.1640625,0.2421875,0.453125,0.7734375,1.0,6400.0,0.005341013207600652,7.454740269021238,0.058240158351728424,16.30304436608425,0.1273675341100332,3.155148840160835,0.024649600313756525,3.068745361185389,10.0,128.0,0.9617622099974295,128.0,19.0,29.0,58.0,98.0,0.1484375,0.2265625,0.453125,0.765625,50.0,True
layer2.2.relu,act,40,128,1,False,,0,28.0,28.0,102400,1.389334634875485,14.240388106434668,0.11125303208152085,31.481343452640484,0.24594799572375378,4.892382019084576,0.03822173452409825,2.1709184421584675,10,128,0.6888043186617828,128,41,61,98,117,0.3203125,0.4765625,0.765625,0.9140625,resnet50,ResNet50_Weights.IMAGENET1K_V1,synthetic,800.0,True,,,,,,6400.0,0.002289467697477654,8.024338202847812,0.06269014220974853,22.79865525903067,0.17811449421117712,3.1538642913516832,0.024639564776185025,2.2438369540217504,10.0,128.0,0.6983788912219216,128.0,35.0,55.0,94.0,117.0,0.2734375,0.4296875,0.734375,0.9140625,50.0,True
layer2.2.conv2,conv,41,128,1,False,128.0,0,28.0,28.0,102400,2.8561895757384623,17.953738504333927,0.1402635820651088,31.37868726487241,0.2451459942568157,6.698111596261076,0.052328996845789656,2.375456661576012,10,128,0.9652297783519915,128,33,48,85,119,0.2578125,0.375,0.6640625,0.9296875,resnet50,ResNet50_Weights.IMAGENET1K_V1,synthetic,800.0,True,0.2578125,0.375,0.6640625,0.9296875,1.0,6400.0,0.003975957227911784,6.20910818456087,0.0485086576918818,13.804381411921344,0.1078467297806355,2.753178306030323,0.0215092055158619,2.9331935297089538,10.0,128.0,0.9544987937204032,128.0,16.0,25.0,57.0,97.0,0.125,0.1953125,0.4453125,0.7578125,50.0,True
layer2.2.relu,act,42,128,1,False,,1,28.0,28.0,102400,1.2031937112334004,37.066552486992094,0.28958244130462574,59.79567352628042,0.46715369942406576,12.361506672767511,0.09657427088099618,1.9010881937042534,10,128,0.7360210188783238,128,61,80,107,121,0.4765625,0.625,0.8359375,0.9453125,resnet50,ResNet50_Weights.IMAGENET1K_V1,synthetic,800.0,True,,,,,,6400.0,0.0024256006122486623,8.045650263058956,0.0628566426801481,23.324010224985305,0.1822188298826977,3.202931333386765,0.0250229010420841,1.9731253472556785,10.0,128.0,0.8107997718657904,128.0,39.0,60.0,97.0,119.0,0.3046875,0.46875,0.7578125,0.9296875,50.0,True
layer2.2.conv3,conv,43,512,1,False,128.0,0,28.0,28.0,102400,0.6166174237897359,23.52786252570607,0.04595285649551967,36.90727892392699,0.0720845291482949,9.49653840476358,0.018547926571803867,9.422252915291267,10,512,0.8175348768526134,311,34,47,77,111,0.06640625,0.091796875,0.150390625,0.216796875,resnet50,ResNet50_Weights.IMAGENET1K_V1,synthetic,200.0,True,0.265625,0.3671875,0.6015625,0.8671875,0.25,6400.0,0.0012162304372362862,5.313389901594038,0.010377714651550855,14.039519024533334,0.027420935594791668,2.5407745579927252,0.0049624503085795415,9.457575259632549,10.0,512.0,0.8239340101997338,318.0,24.0,36.0,65.0,104.0,0.046875,0.0703125,0.126953125,0.203125,12.5,False
layer2.2.relu,act,44,512,1,False,,2,28.0,28.0,102400,11.485823846473277,40.81433127616212,0.07971549077375414,103.84757570007397,0.20282729628920698,10.373373330991907,0.020260494787093568,1.6724798657644824,10,512,0.8870608144618316,512,148,239,397,478,0.2890625,0.466796875,0.775390625,0.93359375,resnet50,ResNet50_Weights.IMAGENET1K_V1,synthetic,200.0,True,,,,,,6400.0,0.020444398057260425,16.468785991038725,0.03216559763874751,61.33140628482553,0.11978790290004987,4.817521209054166,0.009409221111433918,1.757201352203612,10.0,512.0,0.9003406851241972,512.0,108.0,191.0,366.0,470.0,0.2109375,0.373046875,0.71484375,0.91796875,12.5,False
layer2.2,block,45,512,1,False,,0,28.0,28.0,102400,11.48496632898921,41.128369127245776,0.0803288459516519,104.19131666242986,0.2034986653563083,10.446883988283535,0.02040407028961628,1.6719548887909084,10,512,0.8880301060116406,512,148,239,397,478,0.2890625,0.466796875,0.775390625,0.93359375,resnet50,ResNet50_Weights.IMAGENET1K_V1,synthetic,200.0,True,,,,,,6400.0,0.020444398057260425,16.468785991038725,0.03216559763874751,61.33140628482553,0.11978790290004987,4.817521209054166,0.009409221111433918,1.757201352203612,10.0,512.0,0.9003406851241972,512.0,108.0,191.0,366.0,470.0,0.2109375,0.373046875,0.71484375,0.91796875,12.5,False
layer2.3.conv1,conv,46,128,1,False,128.0,0,28.0,28.0,102400,1.7675676938904106,23.798599741759237,0.18592656048249404,36.62461942681246,0.28612983927197233,10.168747964241813,0.07944334347063917,2.54756034220812,10,128,0.9614723632870261,128,34,49,84,117,0.265625,0.3828125,0.65625,0.9140625,resnet50,ResNet50_Weights.IMAGENET1K_V1,synthetic,800.0,True,0.265625,0.3828125,0.65625,0.9140625,1.0,6400.0,0.002551711353104123,11.885031322431548,0.09285180720649647,25.114870283246255,0.19620992408786136,4.735237613353333,0.036994043854322915,2.374932801393645,10.0,128.0,0.9441696399765889,128.0,32.0,47.0,82.0,116.0,0.25,0.3671875,0.640625,0.90625,50.0,True
layer2.3.relu,act,47,128,1,False,,0,28.0,28.0,102400,0.6820693144708059,30.99141026443813,0.2421203926909229,53.02384886568641,0.4142488192631751,11.283649087100153,0.08815350849296995,1.5318375354866858,10,128,0.9289420685583519,128,62,85,113,124,0.484375,0.6640625,0.8828125,0.96875,resnet50,ResNet50_Weights.IMAGENET1K_V1,synthetic,800.0,True,,,,,,6400.0,0.0009285549276156823,18.370577112992724,0.14352013369525565,42.24415688006167,0.33003247562548177,6.1714343401237794,0.04821433078221703,1.4177980649080597,10.0,128.0,0.903723134900221,128.0,60.0,83.0,112.0,124.0,0.46875,0.6484375,0.875,0.96875,50.0,True
layer2.3.conv2,conv,48,128,1,False,128.0,0,28.0,28.0,102400,1.4123253692852655,27.752811508294638,0.21681883990855186,45.776667394551154,0.3576302140199309,11.009678733756978,0.08601311510747639,2.1331569256173513,10,128,0.952439137471672,128,45,62,99,123,0.3515625,0.484375,0.7734375,0.9609375,resnet50,ResNet50_Weights.IMAGENET1K_V1,synthetic,800.0,True,0.3515625,0.484375,0.7734375,0.9609375,1.0,6400.0,0.0009460563802284707,12.714596020399437,0.0993327814093706,23.935172136078133,0.18699353231311042,5.7321566430582065,0.04478247377389224,2.416071254347289,10.0,128.0,0.949853604160323,128.0,28.0,43.0,79.0,115.0,0.21875,0.3359375,0.6171875,0.8984375,50.0,True
layer2.3.relu,act,49,128,1,False,,1,28.0,28.0,102400,0.9653293451621299,42.35710153364066,0.33091485573156765,69.00192053121317,0.5390775041501029,13.772806520594823,0.10760005094214706,1.4962490498469456,10,128,0.5646942694295909,128,74,94,116,124,0.578125,0.734375,0.90625,0.96875,resnet50,ResNet50_Weights.IMAGENET1K_V1,synthetic,800.0,True,,,,,,6400.0,0.001320347009980012,28.77290501117782,0.2247883203998267,53.72624506755301,0.4197362895902579,9.580938826145534,0.07485108457926198,1.5303014739962768,10.0,128.0,0.6288781439932828,128.0,66.0,88.0,114.0,124.0,0.515625,0.6875,0.890625,0.96875,50.0,True
layer2.3.conv3,conv,50,512,1,False,128.0,0,28.0,28.0,102400,0.34952517898930396,27.247914861955373,0.05321858371475659,45.080787038989094,0.08804841218552557,10.431836999806965,0.02037468164024798,9.606298363359945,10,512,0.7930736079330496,309,46,62,94,118,0.08984375,0.12109375,0.18359375,0.23046875,resnet50,ResNet50_Weights.IMAGENET1K_V1,synthetic,200.0,True,0.359375,0.484375,0.734375,0.921875,0.25,6400.0,0.0006417800180040162,14.220868591909811,0.02777513396857385,26.998673732681983,0.0527317846341445,5.819733994778171,0.011366667958551116,9.943260321914225,10.0,512.0,0.8044906141694603,317.0,32.0,48.0,84.0,115.0,0.0625,0.09375,0.1640625,0.224609375,12.5,False
layer2.3.relu,act,51,512,1,False,,2,28.0,28.0,102400,11.3992939519707,48.984379996854315,0.09567261718135608,125.75846024559868,0.24562199266718493,11.779329445574893,0.023006502823388463,1.5787414775453104,10,512,0.8515818878859609,512,183,274,412,479,0.357421875,0.53515625,0.8046875,0.935546875,resnet50,ResNet50_Weights.IMAGENET1K_V1,synthetic,200.0,True,,,,,,6400.0,0.022184929505372743,21.231059191158867,0.04146691248273216,75.06734189973314,0.14661590214791628,5.598338503772866,0.01093425489018138,1.7265890065599827,10.0,512.0,0.8829868033194457,512.0,126.0,213.0,380.0,470.0,0.24609375,0.416015625,0.7421875,0.91796875,12.5,False
layer2.3,block,52,512,1,False,,0,28.0,28.0,102400,11.372950285726045,49.06057009331214,0.09582142596350027,125.89078415035455,0.24588043779366123,11.820624247899117,0.023087156734177963,1.5779332097255498,10,512,0.8538006559017857,512,183,275,412,479,0.357421875,0.537109375,0.8046875,0.935546875,resnet50,ResNet50_Weights.IMAGENET1K_V1,synthetic,200.0,True,,,,,,6400.0,0.022184929505372743,21.231059191158867,0.04146691248273216,75.06734189973314,0.14661590214791628,5.598338503772866,0.01093425489018138,1.7265890065599827,10.0,512.0,0.8829868033194457,512.0,126.0,213.0,380.0,470.0,0.24609375,0.416015625,0.7421875,0.91796875,12.5,False
layer3.0.conv1,conv,53,256,1,False,256.0,0,28.0,28.0,102400,5.770871585191432,19.449433754687863,0.07597435060424947,40.84171815001714,0.15953796152350444,6.924752462743511,0.02704981430759184,2.5474768241418353,10,256,0.9325795150557032,256,48,72,135,213,0.1875,0.28125,0.52734375,0.83203125,resnet50,ResNet50_Weights.IMAGENET1K_V1,synthetic,400.0,True,0.1875,0.28125,0.52734375,0.83203125,1.0,6400.0,0.010124127963439289,18.56171430018946,0.07250669648511508,38.64447708347777,0.15095498860733503,5.797531855520878,0.02264660881062843,2.7153488913295676,10.0,256.0,0.943606227043149,256.0,43.0,65.0,123.0,204.0,0.16796875,0.25390625,0.48046875,0.796875,25.0,False
layer3.0.relu,act,54,256,1,False,,0,28.0,28.0,102400,2.0732398121787954,25.307670827122383,0.09885808916844681,65.0472732635068,0.2540909111855734,8.125020509542889,0.03173836136540191,1.6054811078112738,10,256,0.7700239190221361,256,99,144,210,241,0.38671875,0.5625,0.8203125,0.94140625,resnet50,ResNet50_Weights.IMAGENET1K_V1,synthetic,400.0,True,,,,,,6400.0,0.003248443283798142,34.54759509199496,0.1349515433281053,70.45476708720503,0.27521393393439464,10.537926876628948,0.04116377686183183,1.7505809207633467,10.0,256.0,0.7846141207456622,256.0,91.0,136.0,206.0,240.0,0.35546875,0.53125,0.8046875,0.9375,25.0,False
layer3.0.conv2,conv,55,256,1,False,256.0,0,14.0,14.0,102400,2.764374818533677,49.464981971093714,0.19322258582458482,85.05341048518345,0.33223988470774785,15.150044089674328,0.05917985972529034,1.8800820143153654,10,256,0.9506703877358766,256,88,123,198,247,0.34375,0.48046875,0.7734375,0.96484375,resnet50,ResNet50_Weights.IMAGENET1K_V1,synthetic,400.0,True,0.34375,0.48046875,0.7734375,0.96484375,1.0,6400.0,0.02363312113173872,28.835632355244726,0.11263918888767471,51.18751838870439,0.19995124370587652,9.867002740661071,0.03854297945570731,2.292858368534714,10.0,256.0,0.9694652909484336,256.0,52.0,80.0,155.0,231.0,0.203125,0.3125,0.60546875,0.90234375,25.0,False
layer3.0.relu,act,56,256,1,False,,1,14.0,14.0,102400,1.4994816850716475,54.48517248029648,0.2128327050011581,100.10642347868904,0.39104071671362906,14.49839485662097,0.05663435490867567,1.6762529133904287,10,256,0.7501285863178838,256,112,155,215,242,0.4375,0.60546875,0.83984375,0.9453125,resnet50,ResNet50_Weights.IMAGENET1K_V1,synthetic,400.0,True,,,,,,6400.0,0.012136268540105242,38.10587878402337,0.14885108900009128,71.08436145368536,0.27767328692845844,10.769911706101515,0.042069967601959045,1.9310296235878166,10.0,256.0,0.8204562267376769,256.0,79.0,122.0,199.0,240.0,0.30859375,0.4765625,0.77734375,0.9375,25.0,False
layer3.0.conv3,conv,57,1024,1,False,256.0,0,14.0,14.0,102400,1.3452222947189572,38.665196045557096,0.03775898051323935,63.153774774463216,0.061673608178186734,14.610176643903593,0.014267750628812102,8.926735394758543,10,1024,0.7540427993180574,601,60,83,144,216,0.05859375,0.0810546875,0.140625,0.2109375,resnet50,ResNet50_Weights.IMAGENET1K_V1,synthetic,100.0,True,0.234375,0.32421875,0.5625,0.84375,0.25,6400.0,0.012888590579643379,28.85685713679111,0.028180524547647568,47.40139305176036,0.046290422902109725,9.32053021905909,0.009102080292049893,9.09964931371524,10.0,1024.0,0.7746170228442001,613.0,44.0,61.0,115.0,198.0,0.04296875,0.0595703125,0.1123046875,0.193359375,6.25,False
layer3.0.downsample.0,conv,58,1024,1,False,512.0,0,14.0,14.0,102400,5.4674517954108275,29.60248811199223,0.028908679796867412,58.57416214897864,0.05720133022361195,12.215042381246672,0.011928752325436203,7.0483275557344784,10,1024,0.5839734603081922,735,66,101,209,373,0.064453125,0.0986328125,0.2041015625,0.3642578125,resnet50,ResNet50_Weights.IMAGENET1K_V1,synthetic,100.0,True,0.12890625,0.197265625,0.408203125,0.728515625,0.5,6400.0,0.02345109612202396,17.686936836761934,0.017272399254650326,50.71907482803769,0.04953034651175556,5.317617429297985,0.0051929857707988135,7.376870345700325,10.0,1024.0,0.5827731802289893,743.0,69.0,106.0,215.0,377.0,0.0673828125,0.103515625,0.2099609375,0.3681640625,6.25,False
layer3.0.relu,act,59,1024,1,False,,2,14.0,14.0,102400,8.647180944085163,45.40004249125833,0.044335978995369466,111.39440887248892,0.10878360241453996,12.744596630152834,0.012445895146633627,2.8213883741899783,10,1024,0.19244860873175706,983,156,307,632,850,0.15234375,0.2998046875,0.6171875,0.830078125,resnet50,ResNet50_Weights.IMAGENET1K_V1,synthetic,100.0,True,,,,,,6400.0,0.05560899836294237,34.67110419115224,0.03385850018667211,89.86703089816191,0.08776077236148624,8.804460268261066,0.008598105730723697,3.080146774890341,10.0,1024.0,0.19792390651408553,984.0,122.0,251.0,576.0,828.0,0.119140625,0.2451171875,0.5625,0.80859375,6.25,False
layer3.0,block,60,1024,1,False,,0,14.0,14.0,102400,8.651955499448928,45.293288449494064,0.04423172700145905,111.21287602849354,0.10860632424657572,12.714155526110934,0.01241616750596771,3.0015863606876434,10,1024,0.18532285363903722,982,156,306,632,850,0.15234375,0.298828125,0.6171875,0.830078125,resnet50,ResNet50_Weights.IMAGENET1K_V1,synthetic,100.0,True,,,,,,6400.0,0.05560899836294237,34.67110419115224,0.03385850018667211,89.86703089816191,0.08776077236148624,8.804460268261066,0.008598105730723697,3.080146774890341,10.0,1024.0,0.19792390651408553,984.0,122.0,251.0,576.0,828.0,0.119140625,0.2451171875,0.5625,0.80859375,6.25,False
layer3.1.conv1,conv,61,256,1,False,256.0,0,14.0,14.0,102400,2.452143285621231,23.597882480714606,0.09217922844029143,37.89828991859181,0.14804019499449925,10.73475467213482,0.04193263543802664,3.0424442686796556,10,256,0.9622633051520783,256,36,52,99,183,0.140625,0.203125,0.38671875,0.71484375,resnet50,ResNet50_Weights.IMAGENET1K_V1,synthetic,400.0,True,0.140625,0.203125,0.38671875,0.71484375,1.0,6400.0,0.013706772861535,19.670402537375182,0.0768375099116218,35.96684555086358,0.14049549043306087,6.992755523203978,0.027315451262515538,3.0789932308104957,10.0,256.0,0.9570465931360654,256.0,37.0,53.0,98.0,181.0,0.14453125,0.20703125,0.3828125,0.70703125,25.0,False
layer3.1.relu,act,62,256,1,False,,0,14.0,14.0,102400,1.1218503417181176,27.34087866567844,0.1068003072878064,50.59807367537378,0.19764872529442884,10.050908023037342,0.03926135946498962,2.7786193872504446,10,256,0.40708764409365505,252,55,88,161,212,0.21484375,0.34375,0.62890625,0.828125,resnet50,ResNet50_Weights.IMAGENET1K_V1,synthetic,400.0,True,,,,,,6400.0,0.006700153502111368,20.45955464618299,0.0799201353366523,43.84773400154495,0.17128021094353496,6.875396164088044,0.02685701626596892,2.7443237545186165,10.0,256.0,0.6151291590519223,255.0,53.0,85.0,158.0,211.0,0.20703125,0.33203125,0.6171875,0.82421875,25.0,False
layer3.1.conv2,conv,63,256,1,False,256.0,0,14.0,14.0,102400,2.649061703819897,17.701045244648032,0.06914470798690638,39.62243835780578,0.15477514983517882,7.107488700486925,0.027763627736277052,2.2748396626954794,10,256,0.961963305818186,256,49,75,149,229,0.19140625,0.29296875,0.58203125,0.89453125,resnet50,ResNet50_Weights.IMAGENET1K_V1,synthetic,400.0,True,0.19140625,0.29296875,0.58203125,0.89453125,1.0,6400.0,0.016758547877297452,16.23784814776053,0.06342909432718957,30.69353851363926,0.11989663481890336,7.146119715723605,0.027914530139545334,2.8785429540129894,10.0,256.0,0.9448897105554059,256.0,34.0,53.0,106.0,187.0,0.1328125,0.20703125,0.4140625,0.73046875,25.0,False
layer3.1.relu,act,64,256,1,False,,1,14.0,14.0,102400,1.2018524654186096,26.59992779181535,0.10390596793677871,60.638503357323025,0.23686915373954306,8.316109036871378,0.03248480092527882,2.8815994180663633,10,256,0.23362223356483292,252,84,126,190,222,0.328125,0.4921875,0.7421875,0.8671875,resnet50,ResNet50_Weights.IMAGENET1K_V1,synthetic,400.0,True,,,,,,6400.0,0.011650357913062449,14.569271219970574,0.056911215703010054,35.24273537090235,0.1376669350425873,6.005070601445073,0.023457307036894817,2.733475994314972,10.0,256.0,0.3254299420710022,254.0,58.0,97.0,173.0,218.0,0.2265625,0.37890625,0.67578125,0.8515625,25.0,False
layer3.1.conv3,conv,65,1024,1,False,256.0,0,14.0,14.0,102400,0.794154969667,17.838172489953696,0.017420090322220406,36.73248314690718,0.03587156557315154,6.789512795960181,0.006630383589804864,8.155547401404377,10,1024,0.8082748323811442,623,42,66,134,202,0.041015625,0.064453125,0.130859375,0.197265625,resnet50,ResNet50_Weights.IMAGENET1K_V1,synthetic,100.0,True,0.1640625,0.2578125,0.5234375,0.7890625,0.25,6400.0,0.006997208015940276,11.029110498335232,0.0107706157210305,24.434911208446092,0.023862217976998137,4.927602180284358,0.004812111504183944,8.404734401974357,10.0,1024.0,0.8055414253436595,630.0,33.0,56.0,119.0,192.0,0.0322265625,0.0546875,0.1162109375,0.1875,6.25,False
layer3.1.relu,act,66,1024,1,False,,2,14.0,14.0,102400,7.549478895816225,51.28013893781232,0.05007826068145734,141.10273217262124,0.13779563688732543,13.13764732371526,0.012829733714565684,2.085703472702939,10,1024,0.5125848774449864,1019,219,374,666,875,0.2138671875,0.365234375,0.650390625,0.8544921875,resnet50,ResNet50_Weights.IMAGENET1K_V1,synthetic,100.0,True,,,,,,6400.0,0.05611055498485323,33.4529680334221,0.03266891409513877,95.70085328089947,0.09345786453212838,9.495887438471705,0.009273327576632524,2.232691755934817,10.0,1024.0,0.4734644558373481,1019.0,156.0,292.0,599.0,847.0,0.15234375,0.28515625,0.5849609375,0.8271484375,6.25,False
layer3.1,block,67,1024,1,False,,0,14.0,14.0,102400,7.542306544082588,51.23490113398937,0.05003408313866149,141.07844556152932,0.13777191949368098,13.174536693357727,0.012865758489607155,2.128048030138938,10,1024,0.4493946092921256,1019,219,374,666,875,0.2138671875,0.365234375,0.650390625,0.8544921875,resnet50,ResNet50_Weights.IMAGENET1K_V1,synthetic,100.0,True,,,,,,6400.0,0.05611055498485323,33.4529680334221,0.03266891409513877,95.70085328089947,0.09345786453212838,9.495887438471705,0.009273327576632524,2.232691755934817,10.0,1024.0,0.4734644558373481,1019.0,156.0,292.0,599.0,847.0,0.15234375,0.28515625,0.5849609375,0.8271484375,6.25,False
layer3.2.conv1,conv,68,256,1,False,256.0,0,14.0,14.0,102400,1.6377955793501953,21.638155538976754,0.08452404507412795,40.06477860801422,0.15650304143755556,7.751934485989746,0.030280994085897444,2.6451046738945276,10,256,0.9731253794946074,256,39,59,122,211,0.15234375,0.23046875,0.4765625,0.82421875,resnet50,ResNet50_Weights.IMAGENET1K_V1,synthetic,400.0,True,0.15234375,0.23046875,0.4765625,0.82421875,1.0,6400.0,0.011421292587171894,18.57067880288918,0.07254171407378586,33.05793778831509,0.1291325694856058,8.297171537293995,0.03241082631755467,2.6422460358076756,10.0,256.0,0.9695214637261218,256.0,35.0,53.0,113.0,204.0,0.13671875,0.20703125,0.44140625,0.796875,25.0,False
layer3.2.relu,act,69,256,1,False,,0,14.0,14.0,102400,0.6428168596474113,24.153162930522758,0.09434829269735452,56.80862129578713,0.22190867693666846,7.625203120928346,0.029785949691126353,1.8933125649594562,10,256,0.7400983797924873,256,80,127,197,232,0.3125,0.49609375,0.76953125,0.90625,resnet50,ResNet50_Weights.IMAGENET1K_V1,synthetic,400.0,True,,,,,,6400.0,0.0043781062238189145,24.28081461198652,0.09484693207807235,51.19820059685093,0.19999297108144895,9.512520315846615,0.03715828248377584,1.93660771687878,10.0,256.0,0.7268349066136642,256.0,73.0,116.0,190.0,230.0,0.28515625,0.453125,0.7421875,0.8984375,25.0,False
layer3.2.conv2,conv,70,256,1,False,256.0,0,14.0,14.0,102400,1.3264453523027055,33.593319399719896,0.13122390390515584,58.00196885361248,0.22657019083442376,11.669417796085593,0.04558366326595935,2.3184605974746706,10,256,0.9690642407718988,256,56,82,158,234,0.21875,0.3203125,0.6171875,0.9140625,resnet50,ResNet50_Weights.IMAGENET1K_V1,synthetic,400.0,True,0.21875,0.3203125,0.6171875,0.9140625,1.0,6400.0,0.010873028708078592,11.637764896880382,0.04546001912843899,23.092826802818855,0.09020635469851115,5.796174847374085,0.02264130799755502,2.7027491462728945,10.0,256.0,0.9610319866772641,256.0,27.0,44.0,101.0,189.0,0.10546875,0.171875,0.39453125,0.73828125,25.0,False
layer3.2.relu,act,71,256,1,False,,1,14.0,14.0,102400,0.9084965744056023,46.93474160958992,0.18333883441246063,91.37211571102108,0.3569223269961761,14.707766078099883,0.05745221124257767,1.5768137960524848,10,256,0.6165061648926258,256,115,162,222,246,0.44921875,0.6328125,0.8671875,0.9609375,resnet50,ResNet50_Weights.IMAGENET1K_V1,synthetic,400.0,True,,,,,,6400.0,0.006800091905738955,24.095421309679097,0.09412273949093397,62.85830929070994,0.2455402706668357,7.170606897035092,0.028010183191543327,1.628584925186085,10.0,256.0,0.642105063129575,256.0,95.0,141.0,213.0,245.0,0.37109375,0.55078125,0.83203125,0.95703125,25.0,False
layer3.2.conv3,conv,72,1024,1,False,256.0,0,14.0,14.0,102400,0.5295605980154874,26.34990780014622,0.025732331836080292,51.34629584287542,0.05014286703405803,8.033074143817199,0.007844798968571483,8.201793523091242,10,1024,0.7848160069496767,627,56,83,156,228,0.0546875,0.0810546875,0.15234375,0.22265625,resnet50,ResNet50_Weights.IMAGENET1K_V1,synthetic,100.0,True,0.21875,0.32421875,0.609375,0.890625,0.25,6400.0,0.003373060600073772,20.59268418860113,0.02011004315293079,46.91180631006694,0.04581231084967475,6.051322549662289,0.005909494677404579,8.625872936978071,10.0,1024.0,0.7863348121533612,634.0,54.0,80.0,151.0,225.0,0.052734375,0.078125,0.1474609375,0.2197265625,6.25,False
layer3.2.relu,act,73,1024,1,False,,2,14.0,14.0,102400,7.413053323161194,62.522394425789685,0.06105702580643524,178.31988455844655,0.17414051226410796,14.290260470111804,0.013955332490343558,1.841666855510478,10,1024,0.5953888793931332,1023,286,453,729,905,0.279296875,0.4423828125,0.7119140625,0.8837890625,resnet50,ResNet50_Weights.IMAGENET1K_V1,synthetic,100.0,True,,,,,,6400.0,0.05739692388455253,41.83722011957333,0.04085666027302083,122.10682790623052,0.11924494912717824,11.840982250480888,0.011563459228985242,1.977749997776892,10.0,1024.0,0.6235866474518771,1023.0,205.0,359.0,664.0,879.0,0.2001953125,0.3505859375,0.6484375,0.8583984375,6.25,False
layer3.2,block,74,1024,1,False,,0,14.0,14.0,102400,7.414439560292859,62.324776135468646,0.0608640391947936,178.1255210099213,0.17395070411125127,14.217446940083645,0.013884225527425435,1.840985664658874,10,1024,0.6042229013985778,1023,285,453,728,904,0.2783203125,0.4423828125,0.7109375,0.8828125,resnet50,ResNet50_Weights.IMAGENET1K_V1,synthetic,100.0,True,,,,,,6400.0,0.05739692388455253,41.83722011957333,0.04085666027302083,122.10682790623052,0.11924494912717824,11.840982250480888,0.011563459228985242,1.977749997776892,10.0,1024.0,0.6235866474518771,1023.0,205.0,359.0,664.0,879.0,0.2001953125,0.3505859375,0.6484375,0.8583984375,6.25,False
layer3.3.conv1,conv,75,256,1,False,256.0,0,14.0,14.0,102400,1.3937706468079207,28.917647533930232,0.11295956067941497,56.43316837689383,0.22044206397224153,9.109970506718764,0.03558582229187017,2.270444833801787,10,256,0.9486488959846907,256,61,88,160,233,0.23828125,0.34375,0.625,0.91015625,resnet50,ResNet50_Weights.IMAGENET1K_V1,synthetic,400.0,True,0.23828125,0.34375,0.625,0.91015625,1.0,6400.0,0.010371695335569427,29.464912039104107,0.11509731265275042,51.56981501814657,0.20144458991463504,11.453485358194675,0.04474017718044795,2.3810653442218923,10.0,256.0,0.9580383327580052,256.0,53.0,78.0,149.0,227.0,0.20703125,0.3046875,0.58203125,0.88671875,25.0,False
layer3.3.relu,act,76,256,1,False,,0,14.0,14.0,102400,0.5491915441420481,31.295753911175833,0.1222490387155306,72.39689568555727,0.2828003737717081,8.581556391000541,0.033521704652345864,1.7417358678923298,10,256,0.7725545522643057,256,97,140,204,240,0.37890625,0.546875,0.796875,0.9375,resnet50,ResNet50_Weights.IMAGENET1K_V1,synthetic,400.0,True,,,,,,6400.0,0.003902754247736798,35.88482971013514,0.1401751160552154,71.12554852378125,0.2778341739210205,12.250316346821254,0.047852798229770524,1.8425462154279233,10.0,256.0,0.7978148650933314,256.0,89.0,131.0,199.0,238.0,0.34765625,0.51171875,0.77734375,0.9296875,25.0,False
layer3.3.conv2,conv,77,256,1,False,256.0,0,14.0,14.0,102400,0.7378055076041665,30.846287405110356,0.12049331017621233,65.06014138760466,0.2541411772953307,10.25965633627496,0.04007678256357406,1.8636087924104092,10,256,0.9591137281031461,256,77,113,193,246,0.30078125,0.44140625,0.75390625,0.9609375,resnet50,ResNet50_Weights.IMAGENET1K_V1,synthetic,400.0,True,0.30078125,0.44140625,0.75390625,0.9609375,1.0,6400.0,0.0070036588301176875,21.199594991928095,0.08281091793721912,39.77799858989642,0.1553828069917829,7.434566242243029,0.029041274383761834,2.535607764208251,10.0,256.0,0.9537833382425375,256.0,42.0,65.0,132.0,213.0,0.1640625,0.25390625,0.515625,0.83203125,25.0,False
layer3.3.relu,act,78,256,1,False,,1,14.0,14.0,102400,0.7101988143465021,40.38506159108896,0.15775414684019126,89.1135276333011,0.34809971731758244,11.030250678110157,0.0430869167113678,1.5565092094353998,10,256,0.6211572173092763,256,118,163,220,244,0.4609375,0.63671875,0.859375,0.953125,resnet50,ResNet50_Weights.IMAGENET1K_V1,synthetic,400.0,True,,,,,,6400.0,0.006932889613675723,27.577073366524164,0.10772294283798502,62.53745502910011,0.2442869337074223,8.227413769893765,0.03213833503864752,1.7256742408242316,10.0,256.0,0.6947038107963208,256.0,87.0,135.0,209.0,242.0,0.33984375,0.52734375,0.81640625,0.9453125,25.0,False
layer3.3.conv3,conv,79,1024,1,False,256.0,0,14.0,14.0,102400,0.34987849343164323,26.705634553087975,0.026079721243249976,54.17510586553794,0.05290537682181439,9.062217360125588,0.008849821640747645,8.267835007319695,10,1024,0.7763008219294247,627,62,93,168,231,0.060546875,0.0908203125,0.1640625,0.2255859375,resnet50,ResNet50_Weights.IMAGENET1K_V1,synthetic,100.0,True,0.2421875,0.36328125,0.65625,0.90234375,0.25,6400.0,0.0034725043924759475,15.679821159375276,0.015312325350952418,37.88479477993337,0.036996869902278684,5.042513235528559,0.004924329331570858,8.5494099519214,10.0,1024.0,0.7837484842806766,634.0,48.0,75.0,148.0,223.0,0.046875,0.0732421875,0.14453125,0.2177734375,6.25,False
layer3.3.relu,act,80,1024,1,False,,2,14.0,14.0,102400,6.815726025464411,60.66492250087245,0.05924308837975825,189.38984892089292,0.1849510243368095,12.873518362414044,0.012571795275794965,1.7681856827039484,10,1024,0.7469494022507819,1023,321,485,737,908,0.3134765625,0.4736328125,0.7197265625,0.88671875,resnet50,ResNet50_Weights.IMAGENET1K_V1,synthetic,100.0,True,,,,,,6400.0,0.05991740114700045,44.81964383294759,0.04376918343061288,129.05189993420876,0.12602724602950074,12.618494579673532,0.012322748612962434,1.9398044186827685,10.0,1024.0,0.7803599919060032,1023.0,220.0,377.0,671.0,880.0,0.21484375,0.3681640625,0.6552734375,0.859375,6.25,False
layer3.3,block,81,1024,1,False,,0,14.0,14.0,102400,6.8361756391499595,59.88828981429308,0.05848465802177059,188.34304585069978,0.183928755713574,12.706781234034345,0.012408966048861665,1.7651419197115803,10,1024,0.749348510653635,1023,321,485,737,908,0.3134765625,0.4736328125,0.7197265625,0.88671875,resnet50,ResNet50_Weights.IMAGENET1K_V1,synthetic,100.0,True,,,,,,6400.0,0.05991740114700045,44.81964383294759,0.04376918343061288,129.05189993420876,0.12602724602950074,12.618494579673532,0.012322748612962434,1.9398044186827685,10.0,1024.0,0.7803599919060032,1023.0,220.0,377.0,671.0,880.0,0.21484375,0.3681640625,0.6552734375,0.859375,6.25,False
layer3.4.conv1,conv,82,256,1,False,256.0,0,14.0,14.0,102400,1.250312981493694,24.978050854334583,0.09757051114974447,55.49985782082667,0.21679631961260418,7.791300012997273,0.030434765675770598,2.0381979380921496,10,256,0.9477200788389335,256,67,100,176,239,0.26171875,0.390625,0.6875,0.93359375,resnet50,ResNet50_Weights.IMAGENET1K_V1,synthetic,400.0,True,0.26171875,0.390625,0.6875,0.93359375,1.0,6400.0,0.011706087480981401,25.33935995551063,0.0989818748262134,48.11729599832085,0.18795818749344081,8.79131965678461,0.034341092409314884,2.2234534001765174,10.0,256.0,0.9631521244018486,256.0,53.0,82.0,158.0,232.0,0.20703125,0.3203125,0.6171875,0.90625,25.0,False
layer3.4.relu,act,83,256,1,False,,0,14.0,14.0,102400,0.5072583553547008,29.523964936555448,0.11532798803341972,68.76533542682186,0.2686145915110229,8.628612463869006,0.033705517436988304,1.9940908848501515,10,256,0.6693763773628358,256,94,134,194,230,0.3671875,0.5234375,0.7578125,0.8984375,resnet50,ResNet50_Weights.IMAGENET1K_V1,synthetic,400.0,True,,,,,,6400.0,0.004294350596382691,34.69719185532433,0.13553590568486065,66.22091770779211,0.25867545979606293,13.13718439562936,0.05131712654542719,2.16975967691993,10.0,256.0,0.71184012371088,256.0,81.0,121.0,185.0,226.0,0.31640625,0.47265625,0.72265625,0.8828125,25.0,False
layer3.4.conv2,conv,84,256,1,False,256.0,0,14.0,14.0,102400,0.6600068317878772,22.641643883475442,0.08844392141982595,53.46599489943371,0.20885154257591293,7.228629212257152,0.0282368328603795,1.7949068548710971,10,256,0.961879120410825,256,72,110,192,245,0.28125,0.4296875,0.75,0.95703125,resnet50,ResNet50_Weights.IMAGENET1K_V1,synthetic,400.0,True,0.28125,0.4296875,0.75,0.95703125,1.0,6400.0,0.0073287851174628,21.476960668747704,0.08389437761229572,39.57575485846825,0.1545927924158916,9.797980497875804,0.03827336131982736,2.5953004982507144,10.0,256.0,0.9447194752152066,256.0,42.0,65.0,130.0,209.0,0.1640625,0.25390625,0.5078125,0.81640625,25.0,False
layer3.4.relu,act,85,256,1,False,,1,14.0,14.0,102400,0.591934575848929,30.063710357382046,0.11743636858352362,73.16940145893709,0.285817974448973,8.268945560544942,0.03230056859587868,1.9673348967174302,10,256,0.2700820744863984,254,108,150,207,234,0.421875,0.5859375,0.80859375,0.9140625,resnet50,ResNet50_Weights.IMAGENET1K_V1,synthetic,400.0,True,,,,,,6400.0,0.00577701065535064,32.19797750321265,0.1257733496219244,68.02569865245934,0.2657253853611693,10.029538706787012,0.039177885573386764,2.1027592531427395,10.0,256.0,0.5177428854861204,256.0,89.0,133.0,199.0,232.0,0.34765625,0.51953125,0.77734375,0.90625,25.0,False
layer3.4.conv3,conv,86,1024,1,False,256.0,0,14.0,14.0,102400,0.2706915046938667,22.30793498881501,0.021785092762514658,47.6920548126752,0.04657427227800313,6.991369136152496,0.006827508922023922,8.234871201054542,10,1024,0.7872703893235464,625,58,89,162,222,0.056640625,0.0869140625,0.158203125,0.216796875,resnet50,ResNet50_Weights.IMAGENET1K_V1,synthetic,100.0,True,0.2265625,0.34765625,0.6328125,0.8671875,0.25,6400.0,0.0024961562812126216,24.880659140689588,0.024297518692079675,48.59437913861677,0.04745544837755544,8.356061948869602,0.00816021674694297,8.648147566284516,10.0,1024.0,0.7915971314086612,633.0,54.0,82.0,152.0,218.0,0.052734375,0.080078125,0.1484375,0.212890625,6.25,False
layer3.4.relu,act,87,1024,1,False,,2,14.0,14.0,102400,5.965033958010931,59.56216509148212,0.05816617684715051,193.9843013311645,0.18943779426871532,12.56997715239622,0.012275368312886933,1.7252678044648124,10,1024,0.7510997209422972,1024,338,498,746,912,0.330078125,0.486328125,0.728515625,0.890625,resnet50,ResNet50_Weights.IMAGENET1K_V1,synthetic,100.0,True,,,,,,6400.0,0.05670905824361211,46.520092693432126,0.04542977802092981,135.3319791015574,0.13216013584136466,12.62267838085387,0.012326834356302607,1.9141069942244362,10.0,1024.0,0.7900253148621329,1024.0,233.0,390.0,678.0,881.0,0.2275390625,0.380859375,0.662109375,0.8603515625,6.25,False
layer3.4,block,88,1024,1,False,,0,14.0,14.0,102400,5.968623945917319,59.981538742512704,0.05857572142823506,194.38135528381562,0.1898255422693512,12.72260120397441,0.01242441523825626,1.7249042780831545,10,1024,0.7517225057588216,1024,338,498,746,912,0.330078125,0.486328125,0.728515625,0.890625,resnet50,ResNet50_Weights.IMAGENET1K_V1,synthetic,100.0,True,,,,,,6400.0,0.05670905824361211,46.520092693432126,0.04542977802092981,135.3319791015574,0.13216013584136466,12.62267838085387,0.012326834356302607,1.9141069942244362,10.0,1024.0,0.7900253148621329,1024.0,233.0,390.0,678.0,881.0,0.2275390625,0.380859375,0.662109375,0.8603515625,6.25,False
layer3.5.conv1,conv,89,256,1,False,256.0,0,14.0,14.0,102400,1.133823122353224,22.69511225824921,0.08865278225878598,56.25555138558198,0.2197482475999296,6.446297428852085,0.025180849331453457,1.8437779534343883,10,256,0.9523365944640241,256,75,111,190,244,0.29296875,0.43359375,0.7421875,0.953125,resnet50,ResNet50_Weights.IMAGENET1K_V1,synthetic,400.0,True,0.29296875,0.43359375,0.7421875,0.953125,1.0,6400.0,0.010700064305599789,28.189291865704657,0.11011442135040882,55.06292516810302,0.21508955143790243,9.947095722005722,0.03885584266408485,2.051338217186388,10.0,256.0,0.9636047407266815,256.0,62.0,96.0,175.0,239.0,0.2421875,0.375,0.68359375,0.93359375,25.0,False
layer3.5.relu,act,90,256,1,False,,0,14.0,14.0,102400,0.5042859062948688,21.306089786055114,0.08322691322677779,60.06770478714739,0.2346394718247945,5.721899156936944,0.022351168581784937,2.0082792344058618,10,256,0.7011187612839916,256,90,128,189,229,0.3515625,0.5,0.73828125,0.89453125,resnet50,ResNet50_Weights.IMAGENET1K_V1,synthetic,400.0,True,,,,,,6400.0,0.004153109659560979,32.669800309192496,0.1276164074577832,65.54081190108292,0.25601879648860515,11.084836972201426,0.04330014442266182,2.1961659842012646,10.0,256.0,0.755205883056161,256.0,81.0,117.0,181.0,225.0,0.31640625,0.45703125,0.70703125,0.87890625,25.0,False
layer3.5.conv2,conv,91,256,1,False,256.0,0,14.0,14.0,102400,0.6684692805252175,17.274592424654617,0.0674788766588071,43.76318836619696,0.17094995455545686,5.644440434876405,0.022048595448735955,1.7933898124928829,10,256,0.9729902903064296,256,63,102,187,245,0.24609375,0.3984375,0.73046875,0.95703125,resnet50,ResNet50_Weights.IMAGENET1K_V1,synthetic,400.0,True,0.24609375,0.3984375,0.73046875,0.95703125,1.0,6400.0,0.009517341111739162,17.63071372490385,0.06886997548790566,35.88239218506517,0.14016559447291083,6.291780364338694,0.024577267048198022,2.6757431390006823,10.0,256.0,0.9391919567079794,256.0,40.0,63.0,124.0,202.0,0.15625,0.24609375,0.484375,0.7890625,25.0,False
layer3.5.relu,act,92,256,1,False,,1,14.0,14.0,102400,0.5377986536142629,24.765502158212314,0.09674024280551685,59.50396657804804,0.23243736944550017,7.7818959773889596,0.030398031161675623,2.0360779324581366,10,256,0.6864332645570734,256,87,126,190,229,0.33984375,0.4921875,0.7421875,0.89453125,resnet50,ResNet50_Weights.IMAGENET1K_V1,synthetic,400.0,True,,,,,,6400.0,0.007152048323535826,21.277824341397434,0.08311650133358373,47.52910948952305,0.18566058394344942,7.668083823816253,0.029953452436782237,2.277883511292494,10.0,256.0,0.7308773332371123,256.0,63.0,101.0,175.0,223.0,0.24609375,0.39453125,0.68359375,0.87109375,25.0,False
layer3.5.conv3,conv,93,1024,1,False,256.0,0,14.0,14.0,102400,0.3105007427127792,10.67745991212858,0.010427206945438066,30.091046608747728,0.029385787703855203,3.868176775110031,0.0037775163819433895,7.90552816570134,10,1024,0.8019465335980953,628,45,73,143,211,0.0439453125,0.0712890625,0.1396484375,0.2060546875,resnet50,ResNet50_Weights.IMAGENET1K_V1,synthetic,100.0,True,0.17578125,0.28515625,0.55859375,0.82421875,0.25,6400.0,0.003875684132257384,11.666862622968916,0.011393420530243082,28.886800878477402,0.028209766482888088,4.187616149500462,0.004089468895996545,8.347400664635325,10.0,1024.0,0.805870943529631,634.0,38.0,62.0,127.0,201.0,0.037109375,0.060546875,0.1240234375,0.1962890625,6.25,False
layer3.5.relu,act,94,1024,1,False,,2,14.0,14.0,102400,4.594015598427273,57.289676163827345,0.05594694937873764,185.73204178872575,0.1813789470593025,12.84164098021147,0.012540665019737763,1.862468157921949,10,1024,0.6975697628427739,1024,319,470,721,891,0.3115234375,0.458984375,0.7041015625,0.8701171875,resnet50,ResNet50_Weights.IMAGENET1K_V1,synthetic,100.0,True,,,,,,6400.0,0.04734537609438377,42.36115114723745,0.04136831166722407,127.16459566820026,0.12418417545722682,11.28237029765936,0.01101793974380797,2.0501178345374855,10.0,1024.0,0.7540461403934886,1024.0,221.0,367.0,648.0,859.0,0.2158203125,0.3583984375,0.6328125,0.8388671875,6.25,False
layer3.5,block,95,1024,1,False,,0,14.0,14.0,102400,4.588494134627025,57.345904263727974,0.05600185963254685,186.00185215261865,0.18164243374279165,12.859395717475847,0.012558003630347507,1.8538570777673145,10,1024,0.715037066696445,1024,320,470,721,892,0.3125,0.458984375,0.7041015625,0.87109375,resnet50,ResNet50_Weights.IMAGENET1K_V1,synthetic,100.0,True,,,,,,6400.0,0.04734537609438377,42.36115114723745,0.04136831166722407,127.16459566820026,0.12418417545722682,11.28237029765936,0.01101793974380797,2.0501178345374855,10.0,1024.0,0.7540461403934886,1024.0,221.0,367.0,648.0,859.0,0.2158203125,0.3583984375,0.6328125,0.8388671875,6.25,False
layer4.0.conv1,conv,96,512,1,False,512.0,0,14.0,14.0,102400,2.2657550818677725,15.468566670928961,0.030212044279158128,58.17112006008193,0.11361546886734752,4.443235526667042,0.008678194388021566,2.0780529449873897,10,512,0.9240703810885024,512,97,157,303,448,0.189453125,0.306640625,0.591796875,0.875,resnet50,ResNet50_Weights.IMAGENET1K_V1,synthetic,200.0,True,0.189453125,0.306640625,0.591796875,0.875,1.0,6400.0,0.021839879835074766,22.396570234114684,0.04374330123850524,60.13067869582175,0.11744273182777686,6.486965698409892,0.01266985487970682,2.261366472753392,10.0,512.0,0.9363347344265034,512.0,81.0,132.0,272.0,429.0,0.158203125,0.2578125,0.53125,0.837890625,12.5,False
layer4.0.relu,act,97,512,1,False,,0,14.0,14.0,102400,1.032692147795064,19.542431055404617,0.03816881065508714,77.32756993750769,0.1510304100341947,5.187080955754945,0.010131017491708878,1.8584747064154885,10,512,0.8238777746848521,512,144,217,356,460,0.28125,0.423828125,0.6953125,0.8984375,resnet50,ResNet50_Weights.IMAGENET1K_V1,synthetic,200.0,True,,,,,,6400.0,0.007826211214785623,34.70425431184868,0.06778174670282945,88.15195753121719,0.17217179205315858,9.436901398968404,0.018431448044860164,2.061342596229381,10.0,512.0,0.8479153309753412,512.0,126.0,192.0,331.0,449.0,0.24609375,0.375,0.646484375,0.876953125,12.5,False
layer4.0.conv2,conv,98,512,1,False,512.0,0,7.0,7.0,102400,1.3868258412259156,17.48272598507079,0.034145949189591386,57.6809541218013,0.11265811351914316,6.056772669451668,0.011829634120022789,1.7066309040749366,10,512,0.9718603475272739,512,104,178,357,485,0.203125,0.34765625,0.697265625,0.947265625,resnet50,ResNet50_Weights.IMAGENET1K_V1,synthetic,200.0,True,0.203125,0.34765625,0.697265625,0.947265625,1.0,6400.0,0.03993031386702635,26.557914007549577,0.05187092579599527,68.54286193581437,0.13387277721838745,7.089880776999736,0.013847423392577609,2.098673597005081,10.0,512.0,0.9606571408818717,512.0,89.0,143.0,294.0,458.0,0.173828125,0.279296875,0.57421875,0.89453125,12.5,False
layer4.0.relu,act,99,512,1,False,,1,7.0,7.0,102400,1.223838725280464,23.60944419332144,0.04611219569008094,76.52260826312875,0.14945821926392333,6.616095520477521,0.012922061563432658,2.131284663104586,10,512,0.48367347555331663,510,138,217,347,434,0.26953125,0.423828125,0.677734375,0.84765625,resnet50,ResNet50_Weights.IMAGENET1K_V1,synthetic,200.0,True,,,,,,6400.0,0.03706490742938482,31.915498483326484,0.06233495797524704,80.21893746508479,0.15667761223649374,8.896415891364931,0.01737581228782213,2.280341139816516,10.0,512.0,0.7036193568629088,512.0,113.0,187.0,327.0,425.0,0.220703125,0.365234375,0.638671875,0.830078125,12.5,False
layer4.0.conv3,conv,100,2048,1,False,512.0,0,7.0,7.0,102400,0.7603599850070668,19.7787019271196,0.009657569300351367,57.86974577163088,0.02825671180255414,6.124784248089851,0.0029906173086376225,7.279640265761392,10,2048,0.7933235060111241,1259,88,140,269,398,0.04296875,0.068359375,0.13134765625,0.1943359375,resnet50,ResNet50_Weights.IMAGENET1K_V1,synthetic,50.0,True,0.171875,0.2734375,0.525390625,0.77734375,0.25,6400.0,0.023394389637382194,28.542657779926657,0.013936844619104813,64.51038708340039,0.031499212443066596,8.477893085680003,0.004139596233242189,7.717018563705912,10.0,2048.0,0.7956286921790915,1264.0,78.0,122.0,245.0,384.0,0.0380859375,0.0595703125,0.11962890625,0.1875,3.125,False
layer4.0.downsample.0,conv,101,2048,1,False,1024.0,0,7.0,7.0,102400,1.2868793828725347,29.128647386827037,0.01422297235684914,92.03102335417056,0.04493702312215359,7.729352469346606,0.0037740978854231473,6.013911201685566,10,2048,0.6247901936114963,1513,142,232,468,751,0.0693359375,0.11328125,0.228515625,0.36669921875,resnet50,ResNet50_Weights.IMAGENET1K_V1,synthetic,50.0,True,0.138671875,0.2265625,0.45703125,0.7333984375,0.5,6400.0,0.025491309409937088,41.66852056293766,0.020345957306121903,105.51327473543114,0.051520153679409736,10.936924509765458,0.005340295170783915,6.437558732470448,10.0,2048.0,0.6208716385843565,1521.0,140.0,228.0,458.0,740.0,0.068359375,0.111328125,0.2236328125,0.361328125,3.125,False
layer4.0.relu,act,102,2048,1,False,,2,7.0,7.0,102400,55.69487607001641,22.366713574453115,0.010921246862525935,96.22383742304822,0.046984295616722765,6.500804285057062,0.0031742208423130185,2.072155090381126,10,2048,0.700055195401764,2048,225,493,1157,1639,0.10986328125,0.24072265625,0.56494140625,0.80029296875,resnet50,ResNet50_Weights.IMAGENET1K_V1,synthetic,50.0,True,,,,,,6400.0,1.4022489169346177,30.247920539090675,0.014769492450727869,104.34354967389815,0.05094899886420808,7.656540525231219,0.003738545178335556,2.2589854170220325,10.0,2048.0,0.7372898012145642,2048.0,187.0,402.0,1018.0,1568.0,0.09130859375,0.1962890625,0.4970703125,0.765625,3.125,False
layer4.0,block,103,2048,1,False,,0,7.0,7.0,102400,55.77574441740525,22.49214441454323,0.010982492389913686,96.40927436184619,0.04707484099699521,6.538720067414979,0.0031927344079174702,2.077107533550025,10,2048,0.693081961804652,2048,226,494,1158,1640,0.1103515625,0.2412109375,0.5654296875,0.80078125,resnet50,ResNet50_Weights.IMAGENET1K_V1,synthetic,50.0,True,,,,,,6400.0,1.4022489169346177,30.247920539090675,0.014769492450727869,104.34354967389815,0.05094899886420808,7.656540525231219,0.003738545178335556,2.2589854170220325,10.0,2048.0,0.7372898012145642,2048.0,187.0,402.0,1018.0,1568.0,0.09130859375,0.1962890625,0.4970703125,0.765625,3.125,False
layer4.1.conv1,conv,104,512,1,False,512.0,0,7.0,7.0,102400,17.472395075604364,14.68149943541411,0.028674803584793185,44.55473004908367,0.08702095712711655,4.9582832447452425,0.009684146962393052,2.2888307584686878,10,512,0.9503292656455405,512,70,115,243,423,0.13671875,0.224609375,0.474609375,0.826171875,resnet50,ResNet50_Weights.IMAGENET1K_V1,synthetic,200.0,True,0.13671875,0.224609375,0.474609375,0.826171875,1.0,6400.0,0.4581883112390481,18.203697048011193,0.03555409579689686,49.88620242803264,0.09743398911725125,5.317642029630053,0.010386019589121198,2.42160745727632,10.0,512.0,0.9552296968238295,512.0,66.0,106.0,227.0,409.0,0.12890625,0.20703125,0.443359375,0.798828125,12.5,False
layer4.1.relu,act,105,512,1,False,,0,7.0,7.0,102400,0.6545706155269777,19.097872699496882,0.03730053261620485,58.14452215173397,0.11356351982760542,5.742522470711979,0.011215864200609334,2.997507825207619,10,512,0.5703598636479102,507,98,154,262,364,0.19140625,0.30078125,0.51171875,0.7109375,resnet50,ResNet50_Weights.IMAGENET1K_V1,synthetic,200.0,True,,,,,,6400.0,0.016247971649399926,26.204476281873493,0.051180617738034166,65.69694971047201,0.12831435490326565,7.80176160684171,0.015237815638362715,3.0404805509539927,10.0,512.0,0.7157438442472883,509.0,92.0,145.0,252.0,357.0,0.1796875,0.283203125,0.4921875,0.697265625,12.5,False
layer4.1.conv2,conv,106,512,1,False,512.0,0,7.0,7.0,102400,1.095587933255747,7.411165257306364,0.014474932143176493,29.059207353760637,0.056756264362813745,2.9662536335430163,0.005793464128013704,1.7536163378140355,10,512,0.9646228694298492,512,70,135,311,469,0.13671875,0.263671875,0.607421875,0.916015625,resnet50,ResNet50_Weights.IMAGENET1K_V1,synthetic,200.0,True,0.13671875,0.263671875,0.607421875,0.916015625,1.0,6400.0,0.05043752156912761,18.365549295167646,0.03587021346712431,46.59827506663658,0.09101225598952457,5.844401137776046,0.01141484597221884,2.5870160576162338,10.0,512.0,0.9330701496336438,512.0,63.0,103.0,214.0,377.0,0.123046875,0.201171875,0.41796875,0.736328125,12.5,False
layer4.1.relu,act,107,512,1,False,,1,7.0,7.0,102400,0.7067143636705899,17.60717997646479,0.03438902339153279,55.82603724295564,0.10903522899014774,5.654953535708079,0.011044831124429841,3.290292835619212,10,512,0.32470770690274375,497,107,169,277,374,0.208984375,0.330078125,0.541015625,0.73046875,resnet50,ResNet50_Weights.IMAGENET1K_V1,synthetic,200.0,True,,,,,,6400.0,0.04065290964638972,22.50052974034533,0.04394634714911197,55.21375569333073,0.10783936658853659,7.2923824173232115,0.014242934408834397,3.6238303594915053,10.0,512.0,0.42270136991595886,502.0,75.0,125.0,241.0,348.0,0.146484375,0.244140625,0.470703125,0.6796875,12.5,False
layer4.1.conv3,conv,108,2048,1,False,512.0,0,7.0,7.0,102400,0.3633319739062479,16.450611383158492,0.008032525089432857,46.85030180484525,0.022876123928147096,5.511001639803731,0.0026909187694354156,7.183006361080205,10,2048,0.8235593212063445,1253,77,125,232,341,0.03759765625,0.06103515625,0.11328125,0.16650390625,resnet50,ResNet50_Weights.IMAGENET1K_V1,synthetic,50.0,True,0.150390625,0.244140625,0.453125,0.666015625,0.25,6400.0,0.0219666592360051,20.978021474128045,0.010243174547914085,47.53833080466555,0.0232120755882156,7.281508411725074,0.003555424029162634,7.536378375415843,10.0,2048.0,0.8354205195454674,1257.0,59.0,94.0,193.0,310.0,0.02880859375,0.0458984375,0.09423828125,0.1513671875,3.125,False
layer4.1.relu,act,109,2048,1,False,,2,7.0,7.0,102400,77.46200067518132,22.451946321891356,0.010962864414986014,96.68030898992745,0.047207182123988015,6.288010564905662,0.0030703176586453426,1.9766291272780603,10,2048,0.7616252497881763,2046,228,485,1151,1680,0.111328125,0.23681640625,0.56201171875,0.8203125,resnet50,ResNet50_Weights.IMAGENET1K_V1,synthetic,50.0,True,,,,,,6400.0,3.260104849463218,24.773495371908712,0.012096433287064801,76.50840777188554,0.03735762098236599,7.404971912330063,0.0036157089415674135,2.21584615651546,10.0,2048.0,0.7865072947638074,2047.0,122.0,278.0,882.0,1542.0,0.0595703125,0.1357421875,0.4306640625,0.7529296875,3.125,False
layer4.1,block,110,2048,1,False,,0,7.0,7.0,102400,77.11528394916827,22.493349430114336,0.010983080776423015,96.84215307719288,0.047286207557223084,6.29714221594393,0.0030747764726288722,2.002135135425344,10,2048,0.6719496141743097,2046,228,486,1151,1679,0.111328125,0.2373046875,0.56201171875,0.81982421875,resnet50,ResNet50_Weights.IMAGENET1K_V1,synthetic,50.0,True,,,,,,6400.0,3.260104849463218,24.773495371908712,0.012096433287064801,76.50840777188554,0.03735762098236599,7.404971912330063,0.0036157089415674135,2.21584615651546,10.0,2048.0,0.7865072947638074,2047.0,122.0,278.0,882.0,1542.0,0.0595703125,0.1357421875,0.4306640625,0.7529296875,3.125,False
layer4.2.conv1,conv,111,512,1,False,512.0,0,7.0,7.0,102400,30.37797451497845,12.436227996414857,0.024289507805497768,39.4964668285283,0.07714153677446933,4.840301722274243,0.009453714301316881,2.0541095909847926,10,512,0.9360607339821352,512,76,132,276,442,0.1484375,0.2578125,0.5390625,0.86328125,resnet50,ResNet50_Weights.IMAGENET1K_V1,synthetic,200.0,True,0.1484375,0.2578125,0.5390625,0.86328125,1.0,6400.0,1.1764202092607638,17.13904055678462,0.033474688587469964,44.59821165965202,0.08710588214775786,6.218969316022858,0.012146424445357145,2.2977509327384813,10.0,512.0,0.9531266885862418,512.0,63.0,107.0,240.0,417.0,0.123046875,0.208984375,0.46875,0.814453125,12.5,False
layer4.2.relu,act,112,512,1,False,,0,7.0,7.0,102400,0.511067134769848,12.194678533992159,0.023817731511703435,44.786113067499834,0.08747287708496061,3.983802499437732,0.00778086425671432,3.3873879107385774,10,512,0.3954341497539877,505,85,132,243,354,0.166015625,0.2578125,0.474609375,0.69140625,resnet50,ResNet50_Weights.IMAGENET1K_V1,synthetic,200.0,True,,,,,,6400.0,0.016296873087639215,24.172687788858738,0.04721228083761472,57.45826079273316,0.11222316561080695,7.184526908476324,0.014032279118117821,3.5096968111578364,10.0,512.0,0.47710411062326685,506.0,76.0,119.0,223.0,339.0,0.1484375,0.232421875,0.435546875,0.662109375,12.5,False
layer4.2.conv2,conv,113,512,1,False,512.0,0,7.0,7.0,102400,0.563024163116604,9.604355021446631,0.01875850590126295,27.477701141366264,0.053667385041730985,4.29021798633151,0.00837933200455373,2.0641768215879823,10,512,0.962148554958731,512,51,96,243,431,0.099609375,0.1875,0.474609375,0.841796875,resnet50,ResNet50_Weights.IMAGENET1K_V1,synthetic,200.0,True,0.099609375,0.1875,0.474609375,0.841796875,1.0,6400.0,0.052299450441002746,16.49063172375804,0.03220826508546492,40.21520848021958,0.07854532906292887,5.466681073362639,0.010677111471411404,3.029290924766528,10.0,512.0,0.9242616441809113,512.0,53.0,84.0,169.0,311.0,0.103515625,0.1640625,0.330078125,0.607421875,12.5,False
layer4.2.relu,act,114,512,1,False,,1,7.0,7.0,102400,1.0336227304495642,9.074992715642152,0.017724595147738578,34.704735491765206,0.06778268650735392,3.3903070800556008,0.006621693515733595,1.8365550176135743,10,512,0.7452308513549459,510,79,157,344,450,0.154296875,0.306640625,0.671875,0.87890625,resnet50,ResNet50_Weights.IMAGENET1K_V1,synthetic,200.0,True,,,,,,6400.0,0.09679801743448838,18.377738841909068,0.03589402117560365,47.13935230841731,0.09206904747737756,6.268189805418342,0.0122425582137077,2.432180053626842,10.0,512.0,0.5496067686601132,511.0,63.0,109.0,273.0,428.0,0.123046875,0.212890625,0.533203125,0.8359375,12.5,False
layer4.2.conv3,conv,115,2048,1,False,512.0,0,7.0,7.0,102400,0.45391079383785415,12.51826003332188,0.006112431656895449,38.454688125692584,0.018776703186373332,4.3506096638719365,0.002124321124937469,7.085635709188282,10,2048,0.8086923501994439,1262,65,110,224,373,0.03173828125,0.0537109375,0.109375,0.18212890625,resnet50,ResNet50_Weights.IMAGENET1K_V1,synthetic,50.0,True,0.126953125,0.21484375,0.4375,0.728515625,0.25,6400.0,0.04760989154740602,21.584197530871492,0.010539158950620846,46.93955016977167,0.022919702231333824,7.120890544783691,0.0034769973363201617,7.5230038126136245,10.0,2048.0,0.8224221958905171,1261.0,56.0,87.0,179.0,323.0,0.02734375,0.04248046875,0.08740234375,0.15771484375,3.125,False
layer4.2.relu,act,116,2048,1,False,,2,7.0,7.0,102400,231.23094256677103,14.146869243490402,0.006907650997798048,61.03826923201149,0.02980384239844311,4.736473864968237,0.002312731379379022,1.8015231004414518,10,2048,0.8140407109930495,2048,148,362,1129,1730,0.072265625,0.1767578125,0.55126953125,0.8447265625,resnet50,ResNet50_Weights.IMAGENET1K_V1,synthetic,50.0,True,,,,,,6400.0,19.03328563878357,20.709857017480193,0.0101122348718165,58.230600170410476,0.02843291023945824,6.447406944714493,0.0031481479222238737,2.1275210066684953,10.0,2048.0,0.8564236476423881,2048.0,78.0,166.0,713.0,1525.0,0.0380859375,0.0810546875,0.34814453125,0.74462890625,3.125,False
layer4.2,block,117,2048,1,False,,0,7.0,7.0,102400,231.83699752410524,14.159272207522733,0.006913707132579459,61.00480912960228,0.029787504457813613,4.7486024416393935,0.002318653535956735,1.8023621774404108,10,2048,0.8126004694859598,2048,148,362,1129,1730,0.072265625,0.1767578125,0.55126953125,0.8447265625,resnet50,ResNet50_Weights.IMAGENET1K_V1,synthetic,50.0,True,,,,,,6400.0,19.03328563878357,20.709857017480193,0.0101122348718165,58.230600170410476,0.02843291023945824,6.447406944714493,0.0031481479222238737,2.1275210066684953,10.0,2048.0,0.8564236476423881,2048.0,78.0,166.0,713.0,1525.0,0.0380859375,0.0810546875,0.34814453125,0.74462890625,3.125,False
fc,linear,118,1000,1,False,,0,,,6400,140.81367125440894,15.406999955090741,0.015406999955090742,32.550432585853436,0.03255043258585343,5.8682900745599555,0.005868290074559955,3.537858488529328,10,1000,0.9586729323685697,1000,38,61,133,283,0.038,0.061,0.133,0.283,resnet50,ResNet50_Weights.IMAGENET1K_V1,synthetic,6.4,False,,,,,,,,,,,,,,,,,,,,,,,,,,,,
